year,month,rainfall,decade,month_num
1950,jan,60.8,1950,1
1951,jan,114.4,1950,1
1952,jan,74.1,1950,1
1953,jan,49.2,1950,1
1954,jan,48.8,1950,1
1955,jan,56.3,1950,1
1956,jan,58.5,1950,1
1957,jan,53.1,1950,1
1958,jan,78.1,1950,1
1959,jan,95.7,1950,1
1960,jan,104.4,1960,1
1961,jan,54.9,1960,1
1962,jan,65.9,1960,1
1963,jan,8.7,1960,1
1964,jan,41.0,1960,1
1965,jan,80.6,1960,1
1966,jan,54.5,1960,1
1967,jan,87.2,1960,1
1968,jan,67.0,1960,1
1969,jan,110.0,1960,1
1970,jan,51.1,1970,1
1971,jan,56.6,1970,1
1972,jan,27.6,1970,1
1973,jan,29.1,1970,1
1974,jan,78.2,1970,1
1975,jan,117.3,1970,1
1976,jan,92.1,1970,1
1977,jan,72.9,1970,1
1978,jan,65.9,1970,1
1979,jan,63.0,1970,1
1980,jan,41.8,1980,1
1981,jan,57.9,1980,1
1982,jan,65.3,1980,1
1983,jan,87.4,1980,1
1984,jan,150.8,1980,1
1985,jan,48.0,1980,1
1986,jan,90.1,1980,1
1987,jan,18.7,1980,1
1988,jan,131.7,1980,1
1989,jan,24.7,1980,1
1990,jan,97.7,1990,1
1991,jan,72.6,1990,1
1992,jan,31.2,1990,1
1993,jan,100.4,1990,1
1994,jan,119.7,1990,1
1995,jan,118.4,1990,1
1996,jan,11.5,1990,1
1997,jan,9.8,1990,1
1998,jan,62.2,1990,1
1999,jan,82.4,1990,1
2000,jan,80.0,2000,1
2001,jan,60.2,2000,1
2002,jan,86.8,2000,1
2003,jan,46.0,2000,1
2004,jan,122.0,2000,1
2005,jan,62.1,2000,1
2006,jan,45.6,2000,1
2007,jan,91.7,2000,1
2008,jan,97.0,2000,1
2009,jan,64.5,2000,1
2010,jan,41.6,2010,1
2011,jan,67.3,2010,1
2012,jan,91.0,2010,1
2013,jan,54.4,2010,1
2014,jan,108.9,2010,1
2015,jan,101.6,2010,1
2016,jan,55.8,2010,1
2017,jan,35.3,2010,1
2018,jan,85.7,2010,1
2019,jan,52.3,2010,1
2020,jan,67.8,2020,1
1950,jan,40.5,1950,1
1951,jan,106.6,1950,1
1952,jan,84.9,1950,1
1953,jan,28.7,1950,1
1954,jan,50.3,1950,1
1955,jan,26.4,1950,1
1956,jan,56.5,1950,1
1957,jan,47.1,1950,1
1958,jan,65.8,1950,1
1959,jan,79.2,1950,1
1960,jan,54.4,1960,1
1961,jan,53.9,1960,1
1962,jan,88.5,1960,1
1963,jan,4.2,1960,1
1964,jan,35.3,1960,1
1965,jan,79.6,1960,1
1966,jan,35.1,1960,1
1967,jan,46.2,1960,1
1968,jan,72.3,1960,1
1969,jan,72.6,1960,1
1970,jan,32.9,1970,1
1971,jan,46.4,1970,1
1972,jan,27.8,1970,1
1973,jan,28.6,1970,1
1974,jan,87.4,1970,1
1975,jan,90.9,1970,1
1976,jan,66.3,1970,1
1977,jan,64.8,1970,1
1978,jan,72.1,1970,1
1979,jan,46.3,1970,1
1980,jan,63.9,1980,1
1981,jan,47.0,1980,1
1982,jan,65.0,1980,1
1983,jan,78.9,1980,1
1984,jan,97.7,1980,1
1985,jan,58.7,1980,1
1986,jan,91.0,1980,1
1987,jan,35.7,1980,1
1988,jan,148.5,1980,1
1989,jan,33.4,1980,1
1990,jan,87.5,1990,1
1991,jan,83.6,1990,1
1992,jan,42.2,1990,1
1993,jan,109.5,1990,1
1994,jan,74.5,1990,1
1995,jan,134.9,1990,1
1996,jan,6.8,1990,1
1997,jan,3.4,1990,1
1998,jan,72.8,1990,1
1999,jan,57.7,1990,1
2000,jan,46.4,2000,1
2001,jan,55.4,2000,1
2002,jan,75.8,2000,1
2003,jan,37.8,2000,1
2004,jan,125.6,2000,1
2005,jan,58.1,2000,1
2006,jan,31.8,2000,1
2007,jan,123.7,2000,1
2008,jan,95.4,2000,1
2009,jan,54.9,2000,1
2010,jan,31.5,2010,1
2011,jan,52.4,2010,1
2012,jan,80.7,2010,1
2013,jan,60.0,2010,1
2014,jan,99.0,2010,1
2015,jan,78.9,2010,1
2016,jan,73.1,2010,1
2017,jan,50.5,2010,1
2018,jan,90.6,2010,1
2019,jan,45.2,2010,1
2020,jan,78.7,2020,1
1950,jan,42.1,1950,1
1951,jan,104.3,1950,1
1952,jan,71.4,1950,1
1953,jan,38.3,1950,1
1954,jan,42.5,1950,1
1955,jan,23.3,1950,1
1956,jan,49.7,1950,1
1957,jan,33.0,1950,1
1958,jan,52.1,1950,1
1959,jan,51.1,1950,1
1960,jan,72.8,1960,1
1961,jan,47.4,1960,1
1962,jan,52.4,1960,1
1963,jan,7.7,1960,1
1964,jan,30.7,1960,1
1965,jan,71.1,1960,1
1966,jan,26.1,1960,1
1967,jan,51.3,1960,1
1968,jan,48.5,1960,1
1969,jan,44.2,1960,1
1970,jan,18.1,1970,1
1971,jan,31.5,1970,1
1972,jan,30.0,1970,1
1973,jan,20.6,1970,1
1974,jan,58.7,1970,1
1975,jan,49.1,1970,1
1976,jan,46.9,1970,1
1977,jan,47.8,1970,1
1978,jan,52.0,1970,1
1979,jan,21.3,1970,1
1980,jan,28.3,1980,1
1981,jan,48.5,1980,1
1982,jan,38.4,1980,1
1983,jan,32.3,1980,1
1984,jan,60.9,1980,1
1985,jan,40.1,1980,1
1986,jan,60.2,1980,1
1987,jan,10.2,1980,1
1988,jan,88.9,1980,1
1989,jan,11.1,1980,1
1990,jan,48.1,1990,1
1991,jan,40.0,1990,1
1992,jan,43.1,1990,1
1993,jan,69.5,1990,1
1994,jan,62.5,1990,1
1995,jan,73.8,1990,1
1996,jan,0.8,1990,1
1997,jan,7.3,1990,1
1998,jan,42.6,1990,1
1999,jan,52.7,1990,1
2000,jan,30.0,2000,1
2001,jan,40.9,2000,1
2002,jan,52.5,2000,1
2003,jan,31.4,2000,1
2004,jan,62.3,2000,1
2005,jan,30.6,2000,1
2006,jan,22.3,2000,1
2007,jan,75.3,2000,1
2008,jan,48.5,2000,1
2009,jan,20.6,2000,1
2010,jan,7.7,2010,1
2011,jan,38.0,2010,1
2012,jan,46.2,2010,1
2013,jan,47.7,2010,1
2014,jan,61.7,2010,1
2015,jan,68.5,2010,1
2016,jan,37.4,2010,1
2017,jan,20.5,2010,1
2018,jan,56.5,2010,1
2019,jan,40.6,2010,1
2020,jan,42.0,2020,1
1950,jan,45.4,1950,1
1951,jan,92.0,1950,1
1952,jan,55.1,1950,1
1953,jan,58.4,1950,1
1954,jan,48.6,1950,1
1955,jan,36.2,1950,1
1956,jan,63.4,1950,1
1957,jan,40.9,1950,1
1958,jan,64.6,1950,1
1959,jan,53.4,1950,1
1960,jan,66.9,1960,1
1961,jan,37.9,1960,1
1962,jan,56.2,1960,1
1963,jan,7.6,1960,1
1964,jan,24.6,1960,1
1965,jan,48.5,1960,1
1966,jan,74.1,1960,1
1967,jan,60.5,1960,1
1968,jan,67.8,1960,1
1969,jan,52.5,1960,1
1970,jan,17.3,1970,1
1971,jan,39.4,1970,1
1972,jan,18.0,1970,1
1973,jan,26.3,1970,1
1974,jan,60.4,1970,1
1975,jan,65.2,1970,1
1976,jan,71.7,1970,1
1977,jan,70.3,1970,1
1978,jan,70.3,1970,1
1979,jan,41.3,1970,1
1980,jan,60.3,1980,1
1981,jan,72.0,1980,1
1982,jan,51.2,1980,1
1983,jan,50.0,1980,1
1984,jan,87.7,1980,1
1985,jan,45.3,1980,1
1986,jan,68.3,1980,1
1987,jan,24.1,1980,1
1988,jan,103.1,1980,1
1989,jan,8.2,1980,1
1990,jan,43.2,1990,1
1991,jan,41.9,1990,1
1992,jan,30.3,1990,1
1993,jan,71.9,1990,1
1994,jan,99.0,1990,1
1995,jan,95.3,1990,1
1996,jan,3.3,1990,1
1997,jan,0.4,1990,1
1998,jan,42.9,1990,1
1999,jan,60.3,1990,1
2000,jan,40.6,2000,1
2001,jan,40.9,2000,1
2002,jan,89.2,2000,1
2003,jan,78.6,2000,1
2004,jan,68.4,2000,1
2005,jan,47.0,2000,1
2006,jan,22.7,2000,1
2007,jan,99.2,2000,1
2008,jan,52.2,2000,1
2009,jan,25.6,2000,1
2010,jan,27.9,2010,1
2011,jan,45.9,2010,1
2012,jan,94.3,2010,1
2013,jan,50.2,2010,1
2014,jan,68.8,2010,1
2015,jan,80.4,2010,1
2016,jan,33.2,2010,1
2017,jan,18.8,2010,1
2018,jan,60.1,2010,1
2019,jan,54.6,2010,1
2020,jan,73.4,2020,1
1950,jan,44.7,1950,1
1951,jan,97.3,1950,1
1952,jan,62.3,1950,1
1953,jan,44.8,1950,1
1954,jan,52.3,1950,1
1955,jan,36.8,1950,1
1956,jan,79.3,1950,1
1957,jan,29.0,1950,1
1958,jan,39.8,1950,1
1959,jan,39.3,1950,1
1960,jan,47.1,1960,1
1961,jan,46.3,1960,1
1962,jan,54.0,1960,1
1963,jan,24.3,1960,1
1964,jan,33.9,1960,1
1965,jan,35.3,1960,1
1966,jan,25.3,1960,1
1967,jan,32.5,1960,1
1968,jan,41.8,1960,1
1969,jan,34.6,1960,1
1970,jan,10.0,1970,1
1971,jan,38.3,1970,1
1972,jan,16.2,1970,1
1973,jan,42.6,1970,1
1974,jan,45.2,1970,1
1975,jan,46.2,1970,1
1976,jan,52.6,1970,1
1977,jan,52.8,1970,1
1978,jan,45.8,1970,1
1979,jan,25.0,1970,1
1980,jan,35.2,1980,1
1981,jan,56.6,1980,1
1982,jan,64.9,1980,1
1983,jan,44.2,1980,1
1984,jan,82.8,1980,1
1985,jan,68.3,1980,1
1986,jan,83.0,1980,1
1987,jan,30.7,1980,1
1988,jan,100.7,1980,1
1989,jan,5.3,1980,1
1990,jan,50.6,1990,1
1991,jan,64.1,1990,1
1992,jan,15.9,1990,1
1993,jan,62.4,1990,1
1994,jan,84.9,1990,1
1995,jan,77.6,1990,1
1996,jan,3.9,1990,1
1997,jan,1.1,1990,1
1998,jan,58.6,1990,1
1999,jan,47.2,1990,1
2000,jan,37.8,2000,1
2001,jan,35.8,2000,1
2002,jan,70.2,2000,1
2003,jan,40.5,2000,1
2004,jan,70.7,2000,1
2005,jan,41.1,2000,1
2006,jan,31.7,2000,1
2007,jan,77.1,2000,1
2008,jan,50.0,2000,1
2009,jan,25.5,2000,1
2010,jan,38.6,2010,1
2011,jan,44.9,2010,1
2012,jan,91.4,2010,1
2013,jan,61.4,2010,1
2014,jan,48.0,2010,1
2015,jan,88.3,2010,1
2016,jan,38.5,2010,1
2017,jan,22.8,2010,1
2018,jan,75.1,2010,1
2019,jan,50.7,2010,1
2020,jan,75.0,2020,1
1950,feb,55.9,1950,2
1951,feb,74.7,1950,2
1952,feb,47.3,1950,2
1953,feb,29.2,1950,2
1954,feb,45.4,1950,2
1955,feb,24.7,1950,2
1956,feb,25.7,1950,2
1957,feb,75.6,1950,2
1958,feb,114.8,1950,2
1959,feb,6.0,1950,2
1960,feb,35.7,1960,2
1961,feb,53.5,1960,2
1962,feb,59.6,1960,2
1963,feb,17.2,1960,2
1964,feb,18.4,1960,2
1965,feb,16.5,1960,2
1966,feb,85.2,1960,2
1967,feb,56.3,1960,2
1968,feb,20.3,1960,2
1969,feb,46.3,1960,2
1970,feb,64.5,1970,2
1971,feb,32.7,1970,2
1972,feb,7.8,1970,2
1973,feb,45.1,1970,2
1974,feb,45.0,1970,2
1975,feb,7.3,1970,2
1976,feb,18.8,1970,2
1977,feb,120.5,1970,2
1978,feb,55.8,1970,2
1979,feb,13.2,1970,2
1980,feb,48.5,1980,2
1981,feb,35.2,1980,2
1982,feb,38.2,1980,2
1983,feb,33.1,1980,2
1984,feb,34.5,1980,2
1985,feb,23.7,1980,2
1986,feb,4.7,1980,2
1987,feb,42.5,1980,2
1988,feb,78.5,1980,2
1989,feb,69.7,1980,2
1990,feb,124.3,1990,2
1991,feb,34.1,1990,2
1992,feb,42.6,1990,2
1993,feb,29.4,1990,2
1994,feb,43.0,1990,2
1995,feb,79.5,1990,2
1996,feb,35.8,1990,2
1997,feb,106.2,1990,2
1998,feb,57.8,1990,2
1999,feb,56.7,1990,2
2000,feb,91.9,2000,2
2001,feb,28.2,2000,2
2002,feb,110.2,2000,2
2003,feb,27.5,2000,2
2004,feb,32.4,2000,2
2005,feb,37.4,2000,2
2006,feb,59.3,2000,2
2007,feb,99.0,2000,2
2008,feb,44.5,2000,2
2009,feb,34.0,2000,2
2010,feb,52.4,2010,2
2011,feb,70.9,2010,2
2012,feb,32.0,2010,2
2013,feb,20.9,2010,2
2014,feb,75.8,2010,2
2015,feb,37.9,2010,2
2016,feb,60.2,2010,2
2017,feb,55.3,2010,2
2018,feb,23.1,2010,2
2019,feb,52.6,2010,2
2020,feb,120.3,2020,2
1950,feb,98.8,1950,2
1951,feb,75.6,1950,2
1952,feb,39.8,1950,2
1953,feb,21.1,1950,2
1954,feb,14.1,1950,2
1955,feb,25.5,1950,2
1956,feb,16.1,1950,2
1957,feb,74.7,1950,2
1958,feb,100.1,1950,2
1959,feb,4.2,1950,2
1960,feb,44.5,1960,2
1961,feb,39.1,1960,2
1962,feb,54.8,1960,2
1963,feb,1.9,1960,2
1964,feb,15.9,1960,2
1965,feb,19.0,1960,2
1966,feb,70.4,1960,2
1967,feb,71.5,1960,2
1968,feb,23.9,1960,2
1969,feb,51.6,1960,2
1970,feb,51.4,1970,2
1971,feb,33.6,1970,2
1972,feb,14.1,1970,2
1973,feb,53.1,1970,2
1974,feb,39.3,1970,2
1975,feb,9.8,1970,2
1976,feb,14.8,1970,2
1977,feb,67.2,1970,2
1978,feb,30.2,1970,2
1979,feb,14.0,1970,2
1980,feb,35.8,1980,2
1981,feb,61.6,1980,2
1982,feb,22.0,1980,2
1983,feb,24.7,1980,2
1984,feb,35.3,1980,2
1985,feb,16.6,1980,2
1986,feb,0.9,1980,2
1987,feb,42.3,1980,2
1988,feb,119.8,1980,2
1989,feb,61.9,1980,2
1990,feb,118.5,1990,2
1991,feb,30.9,1990,2
1992,feb,44.5,1990,2
1993,feb,40.5,1990,2
1994,feb,63.9,1990,2
1995,feb,60.1,1990,2
1996,feb,66.9,1990,2
1997,feb,75.5,1990,2
1998,feb,41.3,1990,2
1999,feb,79.0,1990,2
2000,feb,81.6,2000,2
2001,feb,67.3,2000,2
2002,feb,100.8,2000,2
2003,feb,13.6,2000,2
2004,feb,48.4,2000,2
2005,feb,45.1,2000,2
2006,feb,50.0,2000,2
2007,feb,114.9,2000,2
2008,feb,45.3,2000,2
2009,feb,36.7,2000,2
2010,feb,36.9,2010,2
2011,feb,50.1,2010,2
2012,feb,20.6,2010,2
2013,feb,27.0,2010,2
2014,feb,73.4,2010,2
2015,feb,35.8,2010,2
2016,feb,45.2,2010,2
2017,feb,65.4,2010,2
2018,feb,26.5,2010,2
2019,feb,37.0,2010,2
2020,feb,126.3,2020,2
1950,feb,68.4,1950,2
1951,feb,59.6,1950,2
1952,feb,32.6,1950,2
1953,feb,30.3,1950,2
1954,feb,20.0,1950,2
1955,feb,23.9,1950,2
1956,feb,27.2,1950,2
1957,feb,46.8,1950,2
1958,feb,105.4,1950,2
1959,feb,2.6,1950,2
1960,feb,75.1,1960,2
1961,feb,35.3,1960,2
1962,feb,38.7,1960,2
1963,feb,22.9,1960,2
1964,feb,19.5,1960,2
1965,feb,16.8,1960,2
1966,feb,68.0,1960,2
1967,feb,55.3,1960,2
1968,feb,29.5,1960,2
1969,feb,50.7,1960,2
1970,feb,47.1,1970,2
1971,feb,26.1,1970,2
1972,feb,31.2,1970,2
1973,feb,26.0,1970,2
1974,feb,39.6,1970,2
1975,feb,8.7,1970,2
1976,feb,4.1,1970,2
1977,feb,44.0,1970,2
1978,feb,30.7,1970,2
1979,feb,9.5,1970,2
1980,feb,15.7,1980,2
1981,feb,25.6,1980,2
1982,feb,12.0,1980,2
1983,feb,18.5,1980,2
1984,feb,21.4,1980,2
1985,feb,11.7,1980,2
1986,feb,2.0,1980,2
1987,feb,16.7,1980,2
1988,feb,48.2,1980,2
1989,feb,22.6,1980,2
1990,feb,70.0,1990,2
1991,feb,21.5,1990,2
1992,feb,21.8,1990,2
1993,feb,19.0,1990,2
1994,feb,50.5,1990,2
1995,feb,49.7,1990,2
1996,feb,18.3,1990,2
1997,feb,40.6,1990,2
1998,feb,24.8,1990,2
1999,feb,33.2,1990,2
2000,feb,36.4,2000,2
2001,feb,39.1,2000,2
2002,feb,67.3,2000,2
2003,feb,7.3,2000,2
2004,feb,23.7,2000,2
2005,feb,31.0,2000,2
2006,feb,46.7,2000,2
2007,feb,71.7,2000,2
2008,feb,24.6,2000,2
2009,feb,20.2,2000,2
2010,feb,28.6,2010,2
2011,feb,17.3,2010,2
2012,feb,14.9,2010,2
2013,feb,19.4,2010,2
2014,feb,33.1,2010,2
2015,feb,30.7,2010,2
2016,feb,36.3,2010,2
2017,feb,33.6,2010,2
2018,feb,19.2,2010,2
2019,feb,21.3,2010,2
2020,feb,87.5,2020,2
1950,feb,88.2,1950,2
1951,feb,47.9,1950,2
1952,feb,34.2,1950,2
1953,feb,28.1,1950,2
1954,feb,42.1,1950,2
1955,feb,17.0,1950,2
1956,feb,23.9,1950,2
1957,feb,57.4,1950,2
1958,feb,145.5,1950,2
1959,feb,4.6,1950,2
1960,feb,55.5,1960,2
1961,feb,31.5,1960,2
1962,feb,53.0,1960,2
1963,feb,28.0,1960,2
1964,feb,17.7,1960,2
1965,feb,17.6,1960,2
1966,feb,60.6,1960,2
1967,feb,45.2,1960,2
1968,feb,18.5,1960,2
1969,feb,44.5,1960,2
1970,feb,38.0,1970,2
1971,feb,17.8,1970,2
1972,feb,17.8,1970,2
1973,feb,45.8,1970,2
1974,feb,39.9,1970,2
1975,feb,16.2,1970,2
1976,feb,13.8,1970,2
1977,feb,50.2,1970,2
1978,feb,21.3,1970,2
1979,feb,24.7,1970,2
1980,feb,42.2,1980,2
1981,feb,51.4,1980,2
1982,feb,13.8,1980,2
1983,feb,23.8,1980,2
1984,feb,25.0,1980,2
1985,feb,31.4,1980,2
1986,feb,4.3,1980,2
1987,feb,22.7,1980,2
1988,feb,55.8,1980,2
1989,feb,24.4,1980,2
1990,feb,38.1,1990,2
1991,feb,34.9,1990,2
1992,feb,28.8,1990,2
1993,feb,25.7,1990,2
1994,feb,53.5,1990,2
1995,feb,53.0,1990,2
1996,feb,24.9,1990,2
1997,feb,55.1,1990,2
1998,feb,51.7,1990,2
1999,feb,40.5,1990,2
2000,feb,35.0,2000,2
2001,feb,34.2,2000,2
2002,feb,91.6,2000,2
2003,feb,7.5,2000,2
2004,feb,27.5,2000,2
2005,feb,43.7,2000,2
2006,feb,50.8,2000,2
2007,feb,59.5,2000,2
2008,feb,19.1,2000,2
2009,feb,37.0,2000,2
2010,feb,41.1,2010,2
2011,feb,25.7,2010,2
2012,feb,27.7,2010,2
2013,feb,26.6,2010,2
2014,feb,46.1,2010,2
2015,feb,24.0,2010,2
2016,feb,43.7,2010,2
2017,feb,49.3,2010,2
2018,feb,10.7,2010,2
2019,feb,39.7,2010,2
2020,feb,82.4,2020,2
1950,feb,54.3,1950,2
1951,feb,26.5,1950,2
1952,feb,36.1,1950,2
1953,feb,31.7,1950,2
1954,feb,26.9,1950,2
1955,feb,38.3,1950,2
1956,feb,32.8,1950,2
1957,feb,45.0,1950,2
1958,feb,97.3,1950,2
1959,feb,3.1,1950,2
1960,feb,36.9,1960,2
1961,feb,26.7,1960,2
1962,feb,44.6,1960,2
1963,feb,21.3,1960,2
1964,feb,12.4,1960,2
1965,feb,16.3,1960,2
1966,feb,44.6,1960,2
1967,feb,39.8,1960,2
1968,feb,14.7,1960,2
1969,feb,33.6,1960,2
1970,feb,22.3,1970,2
1971,feb,18.4,1970,2
1972,feb,5.8,1970,2
1973,feb,51.6,1970,2
1974,feb,32.8,1970,2
1975,feb,9.4,1970,2
1976,feb,6.5,1970,2
1977,feb,35.2,1970,2
1978,feb,13.7,1970,2
1979,feb,20.7,1970,2
1980,feb,36.1,1980,2
1981,feb,50.4,1980,2
1982,feb,6.0,1980,2
1983,feb,33.3,1980,2
1984,feb,28.4,1980,2
1985,feb,18.4,1980,2
1986,feb,12.5,1980,2
1987,feb,38.7,1980,2
1988,feb,87.5,1980,2
1989,feb,28.6,1980,2
1990,feb,46.6,1990,2
1991,feb,27.6,1990,2
1992,feb,39.0,1990,2
1993,feb,20.7,1990,2
1994,feb,35.9,1990,2
1995,feb,60.0,1990,2
1996,feb,33.7,1990,2
1997,feb,60.6,1990,2
1998,feb,29.0,1990,2
1999,feb,35.6,1990,2
2000,feb,38.2,2000,2
2001,feb,59.7,2000,2
2002,feb,81.7,2000,2
2003,feb,21.8,2000,2
2004,feb,20.0,2000,2
2005,feb,58.3,2000,2
2006,feb,59.7,2000,2
2007,feb,62.0,2000,2
2008,feb,25.1,2000,2
2009,feb,39.2,2000,2
2010,feb,73.9,2010,2
2011,feb,26.8,2010,2
2012,feb,48.4,2010,2
2013,feb,43.7,2010,2
2014,feb,28.9,2010,2
2015,feb,19.2,2010,2
2016,feb,36.0,2010,2
2017,feb,45.9,2010,2
2018,feb,26.7,2010,2
2019,feb,52.0,2010,2
2020,feb,43.5,2020,2
1950,mar,33.5,1950,3
1951,mar,70.3,1950,3
1952,mar,51.9,1950,3
1953,mar,13.0,1950,3
1954,mar,54.3,1950,3
1955,mar,30.2,1950,3
1956,mar,33.0,1950,3
1957,mar,69.7,1950,3
1958,mar,12.9,1950,3
1959,mar,50.1,1950,3
1960,mar,15.2,1960,3
1961,mar,29.8,1960,3
1962,mar,33.8,1960,3
1963,mar,62.1,1960,3
1964,mar,14.6,1960,3
1965,mar,21.6,1960,3
1966,mar,63.0,1960,3
1967,mar,55.3,1960,3
1968,mar,46.1,1960,3
1969,mar,7.0,1960,3
1970,mar,104.7,1970,3
1971,mar,45.4,1970,3
1972,mar,48.0,1970,3
1973,mar,30.2,1970,3
1974,mar,9.9,1970,3
1975,mar,43.0,1970,3
1976,mar,23.3,1970,3
1977,mar,80.8,1970,3
1978,mar,129.6,1970,3
1979,mar,82.5,1970,3
1980,mar,34.0,1980,3
1981,mar,107.9,1980,3
1982,mar,58.2,1980,3
1983,mar,87.9,1980,3
1984,mar,53.4,1980,3
1985,mar,46.2,1980,3
1986,mar,64.0,1980,3
1987,mar,56.4,1980,3
1988,mar,85.8,1980,3
1989,mar,85.1,1980,3
1990,mar,20.1,1990,3
1991,mar,46.9,1990,3
1992,mar,83.8,1990,3
1993,mar,24.5,1990,3
1994,mar,97.6,1990,3
1995,mar,58.9,1990,3
1996,mar,6.1,1990,3
1997,mar,39.2,1990,3
1998,mar,64.1,1990,3
1999,mar,96.1,1990,3
2000,mar,44.7,2000,3
2001,mar,51.6,2000,3
2002,mar,34.7,2000,3
2003,mar,20.4,2000,3
2004,mar,63.4,2000,3
2005,mar,38.2,2000,3
2006,mar,46.8,2000,3
2007,mar,30.2,2000,3
2008,mar,81.0,2000,3
2009,mar,56.8,2000,3
2010,mar,26.9,2010,3
2011,mar,44.2,2010,3
2012,mar,18.3,2010,3
2013,mar,4.9,2010,3
2014,mar,28.0,2010,3
2015,mar,77.3,2010,3
2016,mar,36.9,2010,3
2017,mar,70.3,2010,3
2018,mar,28.6,2010,3
2019,mar,122.2,2010,3
2020,mar,50.8,2020,3
1950,mar,51.0,1950,3
1951,mar,71.5,1950,3
1952,mar,49.0,1950,3
1953,mar,16.9,1950,3
1954,mar,34.0,1950,3
1955,mar,34.8,1950,3
1956,mar,38.3,1950,3
1957,mar,59.2,1950,3
1958,mar,11.5,1950,3
1959,mar,49.1,1950,3
1960,mar,11.7,1960,3
1961,mar,23.2,1960,3
1962,mar,32.1,1960,3
1963,mar,40.7,1960,3
1964,mar,33.3,1960,3
1965,mar,21.3,1960,3
1966,mar,57.5,1960,3
1967,mar,53.7,1960,3
1968,mar,43.7,1960,3
1969,mar,5.4,1960,3
1970,mar,76.6,1970,3
1971,mar,39.8,1970,3
1972,mar,39.4,1970,3
1973,mar,35.3,1970,3
1974,mar,23.7,1970,3
1975,mar,34.0,1970,3
1976,mar,16.5,1970,3
1977,mar,29.9,1970,3
1978,mar,104.8,1970,3
1979,mar,91.5,1970,3
1980,mar,38.2,1980,3
1981,mar,78.8,1980,3
1982,mar,32.1,1980,3
1983,mar,84.1,1980,3
1984,mar,44.6,1980,3
1985,mar,58.7,1980,3
1986,mar,59.9,1980,3
1987,mar,54.0,1980,3
1988,mar,111.7,1980,3
1989,mar,115.1,1980,3
1990,mar,32.9,1990,3
1991,mar,40.7,1990,3
1992,mar,74.7,1990,3
1993,mar,18.8,1990,3
1994,mar,86.9,1990,3
1995,mar,70.8,1990,3
1996,mar,9.4,1990,3
1997,mar,44.4,1990,3
1998,mar,69.9,1990,3
1999,mar,106.5,1990,3
2000,mar,62.8,2000,3
2001,mar,42.7,2000,3
2002,mar,33.4,2000,3
2003,mar,25.5,2000,3
2004,mar,43.2,2000,3
2005,mar,53.6,2000,3
2006,mar,38.0,2000,3
2007,mar,37.9,2000,3
2008,mar,88.8,2000,3
2009,mar,58.4,2000,3
2010,mar,27.6,2010,3
2011,mar,17.7,2010,3
2012,mar,35.8,2010,3
2013,mar,12.9,2010,3
2014,mar,26.4,2010,3
2015,mar,90.1,2010,3
2016,mar,40.2,2010,3
2017,mar,55.4,2010,3
2018,mar,39.9,2010,3
2019,mar,91.1,2010,3
2020,mar,34.9,2020,3
1950,mar,31.8,1950,3
1951,mar,56.9,1950,3
1952,mar,37.7,1950,3
1953,mar,14.5,1950,3
1954,mar,40.5,1950,3
1955,mar,38.3,1950,3
1956,mar,19.2,1950,3
1957,mar,43.0,1950,3
1958,mar,8.7,1950,3
1959,mar,27.4,1950,3
1960,mar,5.1,1960,3
1961,mar,36.0,1960,3
1962,mar,26.5,1960,3
1963,mar,28.0,1960,3
1964,mar,20.3,1960,3
1965,mar,32.6,1960,3
1966,mar,29.7,1960,3
1967,mar,45.3,1960,3
1968,mar,41.8,1960,3
1969,mar,4.4,1960,3
1970,mar,63.1,1970,3
1971,mar,47.6,1970,3
1972,mar,50.2,1970,3
1973,mar,33.1,1970,3
1974,mar,16.4,1970,3
1975,mar,11.3,1970,3
1976,mar,6.1,1970,3
1977,mar,25.2,1970,3
1978,mar,51.5,1970,3
1979,mar,41.5,1970,3
1980,mar,24.1,1980,3
1981,mar,59.1,1980,3
1982,mar,22.5,1980,3
1983,mar,46.6,1980,3
1984,mar,22.1,1980,3
1985,mar,56.7,1980,3
1986,mar,40.4,1980,3
1987,mar,28.6,1980,3
1988,mar,57.6,1980,3
1989,mar,63.1,1980,3
1990,mar,20.5,1990,3
1991,mar,22.9,1990,3
1992,mar,63.0,1990,3
1993,mar,14.6,1990,3
1994,mar,75.6,1990,3
1995,mar,45.5,1990,3
1996,mar,6.8,1990,3
1997,mar,18.0,1990,3
1998,mar,37.6,1990,3
1999,mar,69.2,1990,3
2000,mar,54.6,2000,3
2001,mar,42.9,2000,3
2002,mar,17.7,2000,3
2003,mar,9.9,2000,3
2004,mar,33.5,2000,3
2005,mar,29.1,2000,3
2006,mar,29.1,2000,3
2007,mar,22.1,2000,3
2008,mar,39.5,2000,3
2009,mar,41.1,2000,3
2010,mar,39.8,2010,3
2011,mar,18.7,2010,3
2012,mar,17.2,2010,3
2013,mar,10.4,2010,3
2014,mar,14.1,2010,3
2015,mar,35.4,2010,3
2016,mar,47.1,2010,3
2017,mar,45.7,2010,3
2018,mar,33.6,2010,3
2019,mar,64.2,2010,3
2020,mar,17.0,2020,3
1950,mar,23.3,1950,3
1951,mar,82.2,1950,3
1952,mar,27.8,1950,3
1953,mar,12.4,1950,3
1954,mar,35.4,1950,3
1955,mar,55.7,1950,3
1956,mar,20.5,1950,3
1957,mar,35.6,1950,3
1958,mar,24.0,1950,3
1959,mar,10.5,1950,3
1960,mar,18.9,1960,3
1961,mar,40.1,1960,3
1962,mar,26.0,1960,3
1963,mar,30.6,1960,3
1964,mar,7.5,1960,3
1965,mar,15.9,1960,3
1966,mar,53.0,1960,3
1967,mar,44.0,1960,3
1968,mar,35.4,1960,3
1969,mar,5.3,1960,3
1970,mar,77.6,1970,3
1971,mar,45.6,1970,3
1972,mar,45.5,1970,3
1973,mar,35.3,1970,3
1974,mar,26.4,1970,3
1975,mar,36.5,1970,3
1976,mar,16.8,1970,3
1977,mar,47.4,1970,3
1978,mar,69.1,1970,3
1979,mar,78.1,1970,3
1980,mar,19.2,1980,3
1981,mar,75.3,1980,3
1982,mar,44.7,1980,3
1983,mar,106.4,1980,3
1984,mar,27.7,1980,3
1985,mar,62.7,1980,3
1986,mar,38.1,1980,3
1987,mar,30.2,1980,3
1988,mar,48.9,1980,3
1989,mar,50.5,1980,3
1990,mar,41.7,1990,3
1991,mar,15.4,1990,3
1992,mar,54.0,1990,3
1993,mar,10.8,1990,3
1994,mar,68.5,1990,3
1995,mar,31.8,1990,3
1996,mar,9.9,1990,3
1997,mar,16.2,1990,3
1998,mar,63.2,1990,3
1999,mar,53.3,1990,3
2000,mar,69.2,2000,3
2001,mar,18.8,2000,3
2002,mar,28.0,2000,3
2003,mar,12.1,2000,3
2004,mar,54.0,2000,3
2005,mar,35.0,2000,3
2006,mar,30.3,2000,3
2007,mar,26.4,2000,3
2008,mar,71.5,2000,3
2009,mar,37.9,2000,3
2010,mar,37.1,2010,3
2011,mar,35.9,2010,3
2012,mar,12.9,2010,3
2013,mar,12.0,2010,3
2014,mar,26.2,2010,3
2015,mar,49.3,2010,3
2016,mar,44.6,2010,3
2017,mar,47.1,2010,3
2018,mar,61.2,2010,3
2019,mar,104.9,2010,3
2020,mar,16.1,2020,3
1950,mar,19.2,1950,3
1951,mar,52.6,1950,3
1952,mar,10.1,1950,3
1953,mar,19.0,1950,3
1954,mar,18.9,1950,3
1955,mar,43.7,1950,3
1956,mar,14.3,1950,3
1957,mar,29.1,1950,3
1958,mar,27.8,1950,3
1959,mar,8.4,1950,3
1960,mar,14.9,1960,3
1961,mar,33.8,1960,3
1962,mar,32.1,1960,3
1963,mar,23.4,1960,3
1964,mar,6.2,1960,3
1965,mar,15.9,1960,3
1966,mar,52.5,1960,3
1967,mar,36.5,1960,3
1968,mar,44.2,1960,3
1969,mar,12.0,1960,3
1970,mar,63.1,1970,3
1971,mar,44.8,1970,3
1972,mar,54.1,1970,3
1973,mar,23.4,1970,3
1974,mar,18.4,1970,3
1975,mar,28.5,1970,3
1976,mar,17.8,1970,3
1977,mar,33.3,1970,3
1978,mar,52.8,1970,3
1979,mar,66.4,1970,3
1980,mar,9.6,1980,3
1981,mar,57.5,1980,3
1982,mar,58.9,1980,3
1983,mar,49.9,1980,3
1984,mar,3.9,1980,3
1985,mar,37.1,1980,3
1986,mar,42.1,1980,3
1987,mar,28.1,1980,3
1988,mar,46.6,1980,3
1989,mar,55.5,1980,3
1990,mar,18.6,1990,3
1991,mar,15.4,1990,3
1992,mar,57.5,1990,3
1993,mar,16.0,1990,3
1994,mar,76.4,1990,3
1995,mar,23.5,1990,3
1996,mar,19.2,1990,3
1997,mar,15.8,1990,3
1998,mar,54.2,1990,3
1999,mar,43.0,1990,3
2000,mar,46.9,2000,3
2001,mar,32.3,2000,3
2002,mar,33.5,2000,3
2003,mar,9.6,2000,3
2004,mar,29.4,2000,3
2005,mar,52.0,2000,3
2006,mar,46.9,2000,3
2007,mar,35.7,2000,3
2008,mar,63.1,2000,3
2009,mar,36.4,2000,3
2010,mar,25.3,2010,3
2011,mar,27.3,2010,3
2012,mar,8.7,2010,3
2013,mar,14.5,2010,3
2014,mar,27.6,2010,3
2015,mar,49.2,2010,3
2016,mar,11.8,2010,3
2017,mar,37.0,2010,3
2018,mar,53.2,2010,3
2019,mar,62.4,2010,3
2020,mar,25.3,2020,3
1950,apr,67.2,1950,4
1951,apr,64.8,1950,4
1952,apr,30.2,1950,4
1953,apr,41.7,1950,4
1954,apr,27.0,1950,4
1955,apr,27.0,1950,4
1956,apr,15.1,1950,4
1957,apr,31.2,1950,4
1958,apr,27.1,1950,4
1959,apr,52.1,1950,4
1960,apr,28.4,1960,4
1961,apr,44.9,1960,4
1962,apr,44.6,1960,4
1963,apr,50.7,1960,4
1964,apr,24.5,1960,4
1965,apr,62.3,1960,4
1966,apr,29.1,1960,4
1967,apr,52.7,1960,4
1968,apr,49.9,1960,4
1969,apr,51.6,1960,4
1970,apr,69.7,1970,4
1971,apr,10.8,1970,4
1972,apr,67.9,1970,4
1973,apr,39.2,1970,4
1974,apr,0.0,1970,4
1975,apr,69.9,1970,4
1976,apr,24.7,1970,4
1977,apr,82.6,1970,4
1978,apr,28.7,1970,4
1979,apr,81.9,1970,4
1980,apr,34.1,1980,4
1981,apr,12.9,1980,4
1982,apr,20.7,1980,4
1983,apr,56.1,1980,4
1984,apr,21.8,1980,4
1985,apr,58.3,1980,4
1986,apr,26.2,1980,4
1987,apr,26.9,1980,4
1988,apr,27.2,1980,4
1989,apr,41.2,1980,4
1990,apr,30.9,1990,4
1991,apr,43.0,1990,4
1992,apr,73.1,1990,4
1993,apr,32.2,1990,4
1994,apr,32.0,1990,4
1995,apr,30.6,1990,4
1996,apr,12.2,1990,4
1997,apr,48.5,1990,4
1998,apr,55.8,1990,4
1999,apr,59.6,1990,4
2000,apr,42.8,2000,4
2001,apr,83.2,2000,4
2002,apr,42.3,2000,4
2003,apr,61.1,2000,4
2004,apr,57.6,2000,4
2005,apr,17.6,2000,4
2006,apr,53.2,2000,4
2007,apr,16.5,2000,4
2008,apr,33.7,2000,4
2009,apr,10.7,2000,4
2010,apr,23.9,2010,4
2011,apr,14.0,2010,4
2012,apr,72.1,2010,4
2013,apr,26.7,2010,4
2014,apr,43.1,2010,4
2015,apr,21.6,2010,4
2016,apr,52.4,2010,4
2017,apr,31.4,2010,4
2018,apr,69.0,2010,4
2019,apr,7.5,2010,4
2020,apr,24.1,2020,4
1950,apr,64.3,1950,4
1951,apr,65.7,1950,4
1952,apr,26.7,1950,4
1953,apr,48.1,1950,4
1954,apr,27.7,1950,4
1955,apr,31.4,1950,4
1956,apr,20.9,1950,4
1957,apr,11.8,1950,4
1958,apr,35.5,1950,4
1959,apr,46.4,1950,4
1960,apr,20.1,1960,4
1961,apr,40.2,1960,4
1962,apr,33.9,1960,4
1963,apr,31.7,1960,4
1964,apr,18.6,1960,4
1965,apr,79.0,1960,4
1966,apr,48.3,1960,4
1967,apr,36.3,1960,4
1968,apr,42.1,1960,4
1969,apr,29.0,1960,4
1970,apr,51.6,1970,4
1971,apr,15.6,1970,4
1972,apr,60.3,1970,4
1973,apr,57.5,1970,4
1974,apr,1.2,1970,4
1975,apr,63.0,1970,4
1976,apr,17.9,1970,4
1977,apr,65.0,1970,4
1978,apr,16.6,1970,4
1979,apr,78.1,1970,4
1980,apr,20.0,1980,4
1981,apr,9.4,1980,4
1982,apr,22.2,1980,4
1983,apr,70.0,1980,4
1984,apr,27.0,1980,4
1985,apr,60.0,1980,4
1986,apr,32.3,1980,4
1987,apr,22.6,1980,4
1988,apr,28.0,1980,4
1989,apr,33.6,1980,4
1990,apr,44.5,1990,4
1991,apr,48.0,1990,4
1992,apr,71.7,1990,4
1993,apr,20.1,1990,4
1994,apr,31.5,1990,4
1995,apr,42.3,1990,4
1996,apr,3.3,1990,4
1997,apr,32.6,1990,4
1998,apr,67.9,1990,4
1999,apr,35.1,1990,4
2000,apr,39.2,2000,4
2001,apr,48.1,2000,4
2002,apr,44.7,2000,4
2003,apr,50.6,2000,4
2004,apr,41.0,2000,4
2005,apr,46.0,2000,4
2006,apr,33.1,2000,4
2007,apr,1.4,2000,4
2008,apr,30.8,2000,4
2009,apr,14.6,2000,4
2010,apr,32.3,2010,4
2011,apr,11.9,2010,4
2012,apr,50.7,2010,4
2013,apr,31.0,2010,4
2014,apr,32.3,2010,4
2015,apr,30.8,2010,4
2016,apr,60.6,2010,4
2017,apr,34.4,2010,4
2018,apr,59.1,2010,4
2019,apr,13.1,2010,4
2020,apr,17.5,2020,4
1950,apr,65.5,1950,4
1951,apr,75.6,1950,4
1952,apr,25.6,1950,4
1953,apr,49.0,1950,4
1954,apr,13.7,1950,4
1955,apr,21.8,1950,4
1956,apr,11.8,1950,4
1957,apr,11.7,1950,4
1958,apr,24.0,1950,4
1959,apr,51.2,1950,4
1960,apr,24.4,1960,4
1961,apr,41.2,1960,4
1962,apr,18.7,1960,4
1963,apr,20.3,1960,4
1964,apr,21.7,1960,4
1965,apr,69.5,1960,4
1966,apr,64.8,1960,4
1967,apr,44.1,1960,4
1968,apr,30.6,1960,4
1969,apr,46.3,1960,4
1970,apr,76.9,1970,4
1971,apr,20.4,1970,4
1972,apr,48.5,1970,4
1973,apr,35.1,1970,4
1974,apr,13.2,1970,4
1975,apr,56.7,1970,4
1976,apr,21.5,1970,4
1977,apr,28.8,1970,4
1978,apr,13.0,1970,4
1979,apr,32.7,1970,4
1980,apr,24.8,1980,4
1981,apr,8.5,1980,4
1982,apr,6.9,1980,4
1983,apr,73.8,1980,4
1984,apr,13.0,1980,4
1985,apr,54.6,1980,4
1986,apr,29.1,1980,4
1987,apr,40.9,1980,4
1988,apr,7.6,1980,4
1989,apr,33.6,1980,4
1990,apr,26.3,1990,4
1991,apr,43.8,1990,4
1992,apr,62.6,1990,4
1993,apr,12.6,1990,4
1994,apr,22.1,1990,4
1995,apr,31.7,1990,4
1996,apr,5.2,1990,4
1997,apr,28.0,1990,4
1998,apr,69.3,1990,4
1999,apr,31.5,1990,4
2000,apr,42.5,2000,4
2001,apr,56.7,2000,4
2002,apr,17.4,2000,4
2003,apr,58.8,2000,4
2004,apr,36.2,2000,4
2005,apr,27.3,2000,4
2006,apr,30.8,2000,4
2007,apr,5.2,2000,4
2008,apr,37.3,2000,4
2009,apr,5.0,2000,4
2010,apr,16.6,2010,4
2011,apr,17.7,2010,4
2012,apr,44.5,2010,4
2013,apr,26.2,2010,4
2014,apr,28.0,2010,4
2015,apr,18.1,2010,4
2016,apr,72.3,2010,4
2017,apr,32.0,2010,4
2018,apr,26.1,2010,4
2019,apr,39.6,2010,4
2020,apr,13.2,2020,4
1950,apr,55.1,1950,4
1951,apr,41.0,1950,4
1952,apr,29.6,1950,4
1953,apr,30.4,1950,4
1954,apr,36.0,1950,4
1955,apr,29.9,1950,4
1956,apr,30.0,1950,4
1957,apr,13.9,1950,4
1958,apr,71.1,1950,4
1959,apr,115.7,1950,4
1960,apr,35.0,1960,4
1961,apr,26.1,1960,4
1962,apr,41.8,1960,4
1963,apr,61.7,1960,4
1964,apr,43.6,1960,4
1965,apr,68.0,1960,4
1966,apr,72.1,1960,4
1967,apr,56.5,1960,4
1968,apr,15.2,1960,4
1969,apr,40.1,1960,4
1970,apr,97.0,1970,4
1971,apr,26.7,1970,4
1972,apr,56.1,1970,4
1973,apr,64.5,1970,4
1974,apr,0.1,1970,4
1975,apr,66.9,1970,4
1976,apr,22.1,1970,4
1977,apr,58.1,1970,4
1978,apr,4.7,1970,4
1979,apr,42.2,1970,4
1980,apr,32.9,1980,4
1981,apr,18.3,1980,4
1982,apr,27.4,1980,4
1983,apr,84.6,1980,4
1984,apr,18.8,1980,4
1985,apr,53.6,1980,4
1986,apr,35.9,1980,4
1987,apr,34.2,1980,4
1988,apr,18.5,1980,4
1989,apr,34.1,1980,4
1990,apr,24.4,1990,4
1991,apr,37.0,1990,4
1992,apr,44.8,1990,4
1993,apr,13.1,1990,4
1994,apr,58.7,1990,4
1995,apr,64.4,1990,4
1996,apr,21.4,1990,4
1997,apr,22.4,1990,4
1998,apr,81.8,1990,4
1999,apr,35.2,1990,4
2000,apr,33.7,2000,4
2001,apr,47.3,2000,4
2002,apr,32.3,2000,4
2003,apr,46.1,2000,4
2004,apr,26.2,2000,4
2005,apr,10.7,2000,4
2006,apr,60.5,2000,4
2007,apr,14.3,2000,4
2008,apr,41.7,2000,4
2009,apr,8.7,2000,4
2010,apr,24.9,2010,4
2011,apr,19.2,2010,4
2012,apr,42.5,2010,4
2013,apr,23.5,2010,4
2014,apr,21.4,2010,4
2015,apr,28.6,2010,4
2016,apr,40.3,2010,4
2017,apr,62.3,2010,4
2018,apr,31.3,2010,4
2019,apr,13.6,2010,4
2020,apr,23.4,2020,4
1950,apr,47.1,1950,4
1951,apr,16.2,1950,4
1952,apr,26.0,1950,4
1953,apr,27.2,1950,4
1954,apr,31.7,1950,4
1955,apr,12.5,1950,4
1956,apr,44.6,1950,4
1957,apr,19.4,1950,4
1958,apr,20.3,1950,4
1959,apr,66.7,1950,4
1960,apr,10.8,1960,4
1961,apr,28.5,1960,4
1962,apr,32.8,1960,4
1963,apr,43.8,1960,4
1964,apr,18.2,1960,4
1965,apr,30.6,1960,4
1966,apr,101.2,1960,4
1967,apr,42.0,1960,4
1968,apr,12.9,1960,4
1969,apr,33.9,1960,4
1970,apr,91.0,1970,4
1971,apr,24.3,1970,4
1972,apr,26.1,1970,4
1973,apr,58.5,1970,4
1974,apr,3.0,1970,4
1975,apr,51.4,1970,4
1976,apr,21.5,1970,4
1977,apr,62.3,1970,4
1978,apr,13.1,1970,4
1979,apr,35.4,1970,4
1980,apr,9.4,1980,4
1981,apr,6.5,1980,4
1982,apr,10.4,1980,4
1983,apr,69.0,1980,4
1984,apr,13.0,1980,4
1985,apr,48.1,1980,4
1986,apr,34.5,1980,4
1987,apr,40.0,1980,4
1988,apr,20.7,1980,4
1989,apr,17.4,1980,4
1990,apr,21.3,1990,4
1991,apr,37.2,1990,4
1992,apr,35.8,1990,4
1993,apr,13.2,1990,4
1994,apr,24.7,1990,4
1995,apr,39.7,1990,4
1996,apr,23.2,1990,4
1997,apr,20.7,1990,4
1998,apr,47.5,1990,4
1999,apr,43.0,1990,4
2000,apr,28.2,2000,4
2001,apr,47.7,2000,4
2002,apr,22.7,2000,4
2003,apr,32.1,2000,4
2004,apr,29.9,2000,4
2005,apr,3.3,2000,4
2006,apr,31.5,2000,4
2007,apr,15.2,2000,4
2008,apr,41.5,2000,4
2009,apr,0.5,2000,4
2010,apr,8.0,2010,4
2011,apr,12.5,2010,4
2012,apr,29.9,2010,4
2013,apr,21.2,2010,4
2014,apr,24.5,2010,4
2015,apr,20.5,2010,4
2016,apr,36.7,2010,4
2017,apr,30.1,2010,4
2018,apr,40.4,2010,4
2019,apr,13.9,2010,4
2020,apr,8.3,2020,4
1950,may,25.5,1950,5
1951,may,31.4,1950,5
1952,may,19.7,1950,5
1953,may,51.4,1950,5
1954,may,47.3,1950,5
1955,may,64.5,1950,5
1956,may,38.9,1950,5
1957,may,16.7,1950,5
1958,may,77.4,1950,5
1959,may,7.2,1950,5
1960,may,27.3,1960,5
1961,may,30.4,1960,5
1962,may,63.7,1960,5
1963,may,82.6,1960,5
1964,may,27.3,1960,5
1965,may,46.7,1960,5
1966,may,33.1,1960,5
1967,may,70.5,1960,5
1968,may,68.4,1960,5
1969,may,110.0,1960,5
1970,may,19.7,1970,5
1971,may,54.0,1970,5
1972,may,55.1,1970,5
1973,may,41.8,1970,5
1974,may,21.9,1970,5
1975,may,33.4,1970,5
1976,may,46.2,1970,5
1977,may,24.3,1970,5
1978,may,29.3,1970,5
1979,may,69.2,1970,5
1980,may,12.9,1980,5
1981,may,83.2,1980,5
1982,may,44.5,1980,5
1983,may,232.4,1980,5
1984,may,43.2,1980,5
1985,may,8.5,1980,5
1986,may,43.7,1980,5
1987,may,31.2,1980,5
1988,may,20.9,1980,5
1989,may,39.9,1980,5
1990,may,14.6,1990,5
1991,may,3.3,1990,5
1992,may,28.1,1990,5
1993,may,32.8,1990,5
1994,may,19.8,1990,5
1995,may,39.2,1990,5
1996,may,53.4,1990,5
1997,may,36.1,1990,5
1998,may,30.6,1990,5
1999,may,51.8,1990,5
2000,may,64.7,2000,5
2001,may,38.3,2000,5
2002,may,36.1,2000,5
2003,may,97.1,2000,5
2004,may,8.6,2000,5
2005,may,60.6,2000,5
2006,may,65.2,2000,5
2007,may,71.9,2000,5
2008,may,5.4,2000,5
2009,may,39.8,2000,5
2010,may,31.3,2010,5
2011,may,46.1,2010,5
2012,may,65.5,2010,5
2013,may,51.0,2010,5
2014,may,36.4,2010,5
2015,may,94.8,2010,5
2016,may,31.3,2010,5
2017,may,40.2,2010,5
2018,may,23.4,2010,5
2019,may,45.3,2010,5
2020,may,22.7,2020,5
1950,may,20.5,1950,5
1951,may,64.0,1950,5
1952,may,34.0,1950,5
1953,may,94.2,1950,5
1954,may,55.9,1950,5
1955,may,63.5,1950,5
1956,may,28.2,1950,5
1957,may,12.4,1950,5
1958,may,74.6,1950,5
1959,may,4.8,1950,5
1960,may,29.8,1960,5
1961,may,28.5,1960,5
1962,may,85.6,1960,5
1963,may,92.3,1960,5
1964,may,22.1,1960,5
1965,may,51.6,1960,5
1966,may,28.9,1960,5
1967,may,56.3,1960,5
1968,may,35.6,1960,5
1969,may,80.2,1960,5
1970,may,19.7,1970,5
1971,may,25.4,1970,5
1972,may,33.6,1970,5
1973,may,37.6,1970,5
1974,may,9.7,1970,5
1975,may,31.9,1970,5
1976,may,64.3,1970,5
1977,may,21.0,1970,5
1978,may,17.3,1970,5
1979,may,52.5,1970,5
1980,may,19.1,1980,5
1981,may,62.9,1980,5
1982,may,37.5,1980,5
1983,may,192.1,1980,5
1984,may,19.1,1980,5
1985,may,26.7,1980,5
1986,may,45.4,1980,5
1987,may,46.6,1980,5
1988,may,39.4,1980,5
1989,may,23.9,1980,5
1990,may,40.7,1990,5
1991,may,28.8,1990,5
1992,may,34.3,1990,5
1993,may,15.9,1990,5
1994,may,40.0,1990,5
1995,may,45.1,1990,5
1996,may,43.0,1990,5
1997,may,58.4,1990,5
1998,may,20.0,1990,5
1999,may,17.0,1990,5
2000,may,51.0,2000,5
2001,may,15.5,2000,5
2002,may,35.3,2000,5
2003,may,78.0,2000,5
2004,may,27.8,2000,5
2005,may,81.0,2000,5
2006,may,54.6,2000,5
2007,may,70.7,2000,5
2008,may,0.5,2000,5
2009,may,62.8,2000,5
2010,may,44.4,2010,5
2011,may,48.6,2010,5
2012,may,30.9,2010,5
2013,may,33.5,2010,5
2014,may,42.1,2010,5
2015,may,86.4,2010,5
2016,may,23.3,2010,5
2017,may,47.3,2010,5
2018,may,17.6,2010,5
2019,may,36.8,2010,5
2020,may,25.0,2020,5
1950,may,30.5,1950,5
1951,may,50.3,1950,5
1952,may,36.6,1950,5
1953,may,42.9,1950,5
1954,may,3.8,1950,5
1955,may,56.1,1950,5
1956,may,29.2,1950,5
1957,may,23.7,1950,5
1958,may,107.9,1950,5
1959,may,1.1,1950,5
1960,may,13.2,1960,5
1961,may,28.3,1960,5
1962,may,67.1,1960,5
1963,may,51.4,1960,5
1964,may,49.2,1960,5
1965,may,39.6,1960,5
1966,may,50.4,1960,5
1967,may,42.5,1960,5
1968,may,42.5,1960,5
1969,may,98.6,1960,5
1970,may,18.9,1970,5
1971,may,50.0,1970,5
1972,may,98.2,1970,5
1973,may,37.3,1970,5
1974,may,14.2,1970,5
1975,may,6.0,1970,5
1976,may,63.1,1970,5
1977,may,26.1,1970,5
1978,may,15.3,1970,5
1979,may,59.7,1970,5
1980,may,4.9,1980,5
1981,may,56.8,1980,5
1982,may,61.0,1980,5
1983,may,93.8,1980,5
1984,may,20.1,1980,5
1985,may,37.4,1980,5
1986,may,38.6,1980,5
1987,may,32.5,1980,5
1988,may,29.1,1980,5
1989,may,15.7,1980,5
1990,may,22.2,1990,5
1991,may,18.6,1990,5
1992,may,21.3,1990,5
1993,may,28.2,1990,5
1994,may,25.9,1990,5
1995,may,45.1,1990,5
1996,may,65.5,1990,5
1997,may,60.6,1990,5
1998,may,14.3,1990,5
1999,may,43.8,1990,5
2000,may,31.5,2000,5
2001,may,21.1,2000,5
2002,may,20.0,2000,5
2003,may,53.9,2000,5
2004,may,47.2,2000,5
2005,may,47.2,2000,5
2006,may,87.1,2000,5
2007,may,37.8,2000,5
2008,may,15.1,2000,5
2009,may,61.0,2000,5
2010,may,71.3,2010,5
2011,may,42.0,2010,5
2012,may,24.9,2010,5
2013,may,71.0,2010,5
2014,may,33.8,2010,5
2015,may,99.3,2010,5
2016,may,28.4,2010,5
2017,may,31.4,2010,5
2018,may,9.0,2010,5
2019,may,46.8,2010,5
2020,may,15.6,2020,5
1950,may,32.5,1950,5
1951,may,57.8,1950,5
1952,may,32.3,1950,5
1953,may,49.7,1950,5
1954,may,32.0,1950,5
1955,may,62.8,1950,5
1956,may,52.2,1950,5
1957,may,28.0,1950,5
1958,may,57.8,1950,5
1959,may,18.6,1950,5
1960,may,21.9,1960,5
1961,may,36.2,1960,5
1962,may,88.8,1960,5
1963,may,18.6,1960,5
1964,may,36.8,1960,5
1965,may,54.3,1960,5
1966,may,30.1,1960,5
1967,may,53.0,1960,5
1968,may,48.0,1960,5
1969,may,79.7,1960,5
1970,may,41.2,1970,5
1971,may,29.1,1970,5
1972,may,87.9,1970,5
1973,may,55.8,1970,5
1974,may,21.8,1970,5
1975,may,27.0,1970,5
1976,may,54.3,1970,5
1977,may,9.3,1970,5
1978,may,8.8,1970,5
1979,may,40.1,1970,5
1980,may,28.0,1980,5
1981,may,50.2,1980,5
1982,may,66.5,1980,5
1983,may,92.7,1980,5
1984,may,48.3,1980,5
1985,may,31.2,1980,5
1986,may,52.8,1980,5
1987,may,49.9,1980,5
1988,may,35.5,1980,5
1989,may,14.7,1980,5
1990,may,17.3,1990,5
1991,may,35.7,1990,5
1992,may,8.1,1990,5
1993,may,11.9,1990,5
1994,may,36.6,1990,5
1995,may,83.5,1990,5
1996,may,77.8,1990,5
1997,may,84.9,1990,5
1998,may,38.1,1990,5
1999,may,51.9,1990,5
2000,may,29.6,2000,5
2001,may,25.8,2000,5
2002,may,47.9,2000,5
2003,may,78.7,2000,5
2004,may,24.4,2000,5
2005,may,45.6,2000,5
2006,may,54.4,2000,5
2007,may,70.1,2000,5
2008,may,48.3,2000,5
2009,may,51.4,2000,5
2010,may,51.9,2010,5
2011,may,54.8,2010,5
2012,may,14.3,2010,5
2013,may,54.4,2010,5
2014,may,55.4,2010,5
2015,may,57.5,2010,5
2016,may,19.3,2010,5
2017,may,14.5,2010,5
2018,may,8.2,2010,5
2019,may,47.2,2010,5
2020,may,25.8,2020,5
1950,may,23.2,1950,5
1951,may,50.8,1950,5
1952,may,48.7,1950,5
1953,may,33.4,1950,5
1954,may,18.4,1950,5
1955,may,42.5,1950,5
1956,may,20.0,1950,5
1957,may,7.7,1950,5
1958,may,66.0,1950,5
1959,may,7.8,1950,5
1960,may,23.8,1960,5
1961,may,56.7,1960,5
1962,may,37.6,1960,5
1963,may,10.9,1960,5
1964,may,20.0,1960,5
1965,may,108.0,1960,5
1966,may,21.5,1960,5
1967,may,34.2,1960,5
1968,may,41.3,1960,5
1969,may,38.0,1960,5
1970,may,43.1,1970,5
1971,may,64.5,1970,5
1972,may,23.1,1970,5
1973,may,27.5,1970,5
1974,may,10.8,1970,5
1975,may,28.6,1970,5
1976,may,46.9,1970,5
1977,may,10.7,1970,5
1978,may,9.0,1970,5
1979,may,41.9,1970,5
1980,may,8.5,1980,5
1981,may,31.9,1980,5
1982,may,28.9,1980,5
1983,may,65.6,1980,5
1984,may,38.1,1980,5
1985,may,53.7,1980,5
1986,may,32.9,1980,5
1987,may,32.2,1980,5
1988,may,18.2,1980,5
1989,may,4.0,1980,5
1990,may,15.2,1990,5
1991,may,57.8,1990,5
1992,may,16.8,1990,5
1993,may,13.5,1990,5
1994,may,19.0,1990,5
1995,may,43.3,1990,5
1996,may,148.4,1990,5
1997,may,66.2,1990,5
1998,may,18.0,1990,5
1999,may,59.5,1990,5
2000,may,13.8,2000,5
2001,may,15.1,2000,5
2002,may,32.5,2000,5
2003,may,36.4,2000,5
2004,may,10.3,2000,5
2005,may,29.2,2000,5
2006,may,56.3,2000,5
2007,may,40.2,2000,5
2008,may,22.4,2000,5
2009,may,63.0,2000,5
2010,may,61.1,2010,5
2011,may,47.6,2010,5
2012,may,26.0,2010,5
2013,may,49.8,2010,5
2014,may,25.7,2010,5
2015,may,55.9,2010,5
2016,may,12.1,2010,5
2017,may,10.5,2010,5
2018,may,10.1,2010,5
2019,may,37.1,2010,5
2020,may,12.2,2020,5
1950,jun,57.8,1950,6
1951,jun,37.4,1950,6
1952,jun,27.7,1950,6
1953,jun,44.8,1950,6
1954,jun,54.6,1950,6
1955,jun,35.4,1950,6
1956,jun,29.9,1950,6
1957,jun,37.0,1950,6
1958,jun,15.4,1950,6
1959,jun,17.7,1950,6
1960,jun,28.2,1960,6
1961,jun,41.5,1960,6
1962,jun,30.7,1960,6
1963,jun,50.8,1960,6
1964,jun,108.6,1960,6
1965,jun,42.1,1960,6
1966,jun,95.4,1960,6
1967,jun,31.5,1960,6
1968,jun,79.3,1960,6
1969,jun,36.1,1960,6
1970,jun,37.0,1970,6
1971,jun,23.8,1970,6
1972,jun,62.4,1970,6
1973,jun,31.7,1970,6
1974,jun,54.0,1970,6
1975,jun,15.5,1970,6
1976,jun,12.9,1970,6
1977,jun,40.6,1970,6
1978,jun,80.3,1970,6
1979,jun,48.5,1970,6
1980,jun,124.8,1980,6
1981,jun,47.2,1980,6
1982,jun,105.6,1980,6
1983,jun,36.4,1980,6
1984,jun,82.4,1980,6
1985,jun,39.5,1980,6
1986,jun,31.1,1980,6
1987,jun,86.9,1980,6
1988,jun,15.8,1980,6
1989,jun,24.3,1980,6
1990,jun,82.8,1990,6
1991,jun,50.3,1990,6
1992,jun,2.6,1990,6
1993,jun,10.1,1990,6
1994,jun,54.1,1990,6
1995,jun,42.2,1990,6
1996,jun,17.8,1990,6
1997,jun,50.9,1990,6
1998,jun,47.4,1990,6
1999,jun,138.3,1990,6
2000,jun,36.5,2000,6
2001,jun,42.3,2000,6
2002,jun,107.6,2000,6
2003,jun,99.4,2000,6
2004,jun,45.1,2000,6
2005,jun,47.3,2000,6
2006,jun,21.4,2000,6
2007,jun,117.8,2000,6
2008,jun,50.3,2000,6
2009,jun,30.6,2000,6
2010,jun,14.7,2010,6
2011,jun,51.5,2010,6
2012,jun,84.1,2010,6
2013,jun,52.3,2010,6
2014,jun,24.8,2010,6
2015,jun,72.5,2010,6
2016,jun,96.1,2010,6
2017,jun,88.6,2010,6
2018,jun,21.9,2010,6
2019,jun,114.2,2010,6
2020,jun,85.2,2020,6
1950,jun,39.8,1950,6
1951,jun,55.5,1950,6
1952,jun,69.8,1950,6
1953,jun,37.2,1950,6
1954,jun,67.6,1950,6
1955,jun,52.6,1950,6
1956,jun,37.1,1950,6
1957,jun,24.0,1950,6
1958,jun,46.6,1950,6
1959,jun,11.9,1950,6
1960,jun,26.5,1960,6
1961,jun,49.7,1960,6
1962,jun,50.5,1960,6
1963,jun,64.9,1960,6
1964,jun,92.2,1960,6
1965,jun,46.9,1960,6
1966,jun,55.4,1960,6
1967,jun,29.4,1960,6
1968,jun,65.8,1960,6
1969,jun,84.1,1960,6
1970,jun,25.4,1970,6
1971,jun,35.3,1970,6
1972,jun,60.2,1970,6
1973,jun,14.6,1970,6
1974,jun,49.7,1970,6
1975,jun,4.4,1970,6
1976,jun,11.5,1970,6
1977,jun,68.6,1970,6
1978,jun,88.4,1970,6
1979,jun,67.4,1970,6
1980,jun,135.2,1980,6
1981,jun,84.0,1980,6
1982,jun,60.7,1980,6
1983,jun,15.4,1980,6
1984,jun,64.9,1980,6
1985,jun,46.5,1980,6
1986,jun,27.9,1980,6
1987,jun,95.3,1980,6
1988,jun,32.3,1980,6
1989,jun,17.2,1980,6
1990,jun,109.3,1990,6
1991,jun,66.8,1990,6
1992,jun,4.6,1990,6
1993,jun,30.8,1990,6
1994,jun,76.9,1990,6
1995,jun,69.2,1990,6
1996,jun,17.3,1990,6
1997,jun,40.1,1990,6
1998,jun,50.9,1990,6
1999,jun,97.5,1990,6
2000,jun,46.2,2000,6
2001,jun,51.3,2000,6
2002,jun,104.8,2000,6
2003,jun,79.2,2000,6
2004,jun,53.0,2000,6
2005,jun,46.9,2000,6
2006,jun,14.7,2000,6
2007,jun,99.9,2000,6
2008,jun,72.8,2000,6
2009,jun,28.9,2000,6
2010,jun,33.2,2010,6
2011,jun,42.7,2010,6
2012,jun,76.5,2010,6
2013,jun,75.4,2010,6
2014,jun,54.4,2010,6
2015,jun,40.0,2010,6
2016,jun,70.7,2010,6
2017,jun,74.6,2010,6
2018,jun,23.5,2010,6
2019,jun,49.0,2010,6
2020,jun,113.7,2020,6
1950,jun,23.9,1950,6
1951,jun,29.8,1950,6
1952,jun,74.6,1950,6
1953,jun,55.9,1950,6
1954,jun,42.9,1950,6
1955,jun,40.1,1950,6
1956,jun,43.5,1950,6
1957,jun,27.1,1950,6
1958,jun,21.8,1950,6
1959,jun,15.2,1950,6
1960,jun,43.3,1960,6
1961,jun,23.8,1960,6
1962,jun,43.2,1960,6
1963,jun,35.8,1960,6
1964,jun,93.3,1960,6
1965,jun,19.7,1960,6
1966,jun,79.7,1960,6
1967,jun,24.1,1960,6
1968,jun,55.9,1960,6
1969,jun,32.3,1960,6
1970,jun,33.6,1970,6
1971,jun,63.1,1970,6
1972,jun,72.7,1970,6
1973,jun,38.8,1970,6
1974,jun,17.5,1970,6
1975,jun,11.3,1970,6
1976,jun,7.1,1970,6
1977,jun,41.1,1970,6
1978,jun,36.1,1970,6
1979,jun,50.8,1970,6
1980,jun,70.8,1980,6
1981,jun,94.9,1980,6
1982,jun,55.5,1980,6
1983,jun,11.6,1980,6
1984,jun,146.4,1980,6
1985,jun,32.6,1980,6
1986,jun,20.3,1980,6
1987,jun,80.3,1980,6
1988,jun,28.6,1980,6
1989,jun,39.9,1980,6
1990,jun,47.7,1990,6
1991,jun,72.7,1990,6
1992,jun,1.0,1990,6
1993,jun,15.2,1990,6
1994,jun,56.7,1990,6
1995,jun,40.8,1990,6
1996,jun,31.9,1990,6
1997,jun,57.6,1990,6
1998,jun,65.8,1990,6
1999,jun,151.3,1990,6
2000,jun,73.7,2000,6
2001,jun,67.3,2000,6
2002,jun,97.5,2000,6
2003,jun,57.1,2000,6
2004,jun,55.9,2000,6
2005,jun,59.0,2000,6
2006,jun,31.1,2000,6
2007,jun,123.2,2000,6
2008,jun,17.6,2000,6
2009,jun,53.4,2000,6
2010,jun,67.1,2010,6
2011,jun,82.7,2010,6
2012,jun,127.9,2010,6
2013,jun,54.1,2010,6
2014,jun,41.6,2010,6
2015,jun,50.6,2010,6
2016,jun,33.4,2010,6
2017,jun,75.6,2010,6
2018,jun,9.8,2010,6
2019,jun,34.9,2010,6
2020,jun,42.6,2020,6
1950,jun,28.0,1950,6
1951,jun,50.0,1950,6
1952,jun,63.5,1950,6
1953,jun,45.7,1950,6
1954,jun,66.2,1950,6
1955,jun,46.3,1950,6
1956,jun,64.8,1950,6
1957,jun,54.0,1950,6
1958,jun,26.7,1950,6
1959,jun,23.8,1950,6
1960,jun,49.5,1960,6
1961,jun,53.0,1960,6
1962,jun,29.9,1960,6
1963,jun,61.4,1960,6
1964,jun,54.3,1960,6
1965,jun,48.0,1960,6
1966,jun,66.0,1960,6
1967,jun,49.4,1960,6
1968,jun,70.3,1960,6
1969,jun,44.6,1960,6
1970,jun,40.1,1970,6
1971,jun,75.1,1970,6
1972,jun,50.8,1970,6
1973,jun,21.3,1970,6
1974,jun,24.0,1970,6
1975,jun,20.1,1970,6
1976,jun,12.8,1970,6
1977,jun,36.0,1970,6
1978,jun,60.3,1970,6
1979,jun,26.0,1970,6
1980,jun,104.2,1980,6
1981,jun,60.9,1980,6
1982,jun,121.6,1980,6
1983,jun,37.4,1980,6
1984,jun,124.8,1980,6
1985,jun,55.2,1980,6
1986,jun,16.7,1980,6
1987,jun,87.5,1980,6
1988,jun,20.2,1980,6
1989,jun,34.9,1980,6
1990,jun,85.9,1990,6
1991,jun,139.9,1990,6
1992,jun,0.8,1990,6
1993,jun,34.6,1990,6
1994,jun,61.1,1990,6
1995,jun,71.3,1990,6
1996,jun,32.4,1990,6
1997,jun,96.8,1990,6
1998,jun,72.4,1990,6
1999,jun,84.6,1990,6
2000,jun,72.0,2000,6
2001,jun,58.0,2000,6
2002,jun,60.5,2000,6
2003,jun,45.9,2000,6
2004,jun,88.4,2000,6
2005,jun,42.7,2000,6
2006,jun,6.6,2000,6
2007,jun,127.7,2000,6
2008,jun,31.0,2000,6
2009,jun,89.2,2000,6
2010,jun,56.3,2010,6
2011,jun,51.6,2010,6
2012,jun,93.3,2010,6
2013,jun,45.9,2010,6
2014,jun,45.3,2010,6
2015,jun,56.5,2010,6
2016,jun,70.1,2010,6
2017,jun,96.0,2010,6
2018,jun,20.2,2010,6
2019,jun,57.7,2010,6
2020,jun,97.7,2020,6
1950,jun,46.2,1950,6
1951,jun,64.4,1950,6
1952,jun,61.3,1950,6
1953,jun,19.2,1950,6
1954,jun,56.9,1950,6
1955,jun,42.1,1950,6
1956,jun,17.9,1950,6
1957,jun,23.0,1950,6
1958,jun,24.5,1950,6
1959,jun,30.9,1950,6
1960,jun,39.7,1960,6
1961,jun,33.5,1960,6
1962,jun,46.9,1960,6
1963,jun,50.7,1960,6
1964,jun,40.6,1960,6
1965,jun,55.7,1960,6
1966,jun,54.4,1960,6
1967,jun,48.9,1960,6
1968,jun,49.4,1960,6
1969,jun,17.1,1960,6
1970,jun,8.1,1970,6
1971,jun,40.1,1970,6
1972,jun,20.4,1970,6
1973,jun,29.9,1970,6
1974,jun,9.7,1970,6
1975,jun,23.2,1970,6
1976,jun,17.8,1970,6
1977,jun,43.7,1970,6
1978,jun,38.6,1970,6
1979,jun,32.6,1970,6
1980,jun,83.6,1980,6
1981,jun,53.5,1980,6
1982,jun,43.6,1980,6
1983,jun,29.4,1980,6
1984,jun,69.1,1980,6
1985,jun,34.5,1980,6
1986,jun,43.5,1980,6
1987,jun,87.0,1980,6
1988,jun,45.3,1980,6
1989,jun,29.9,1980,6
1990,jun,26.2,1990,6
1991,jun,102.4,1990,6
1992,jun,0.0,1990,6
1993,jun,20.4,1990,6
1994,jun,55.5,1990,6
1995,jun,41.6,1990,6
1996,jun,45.9,1990,6
1997,jun,19.3,1990,6
1998,jun,62.8,1990,6
1999,jun,64.0,1990,6
2000,jun,92.3,2000,6
2001,jun,66.5,2000,6
2002,jun,35.4,2000,6
2003,jun,27.9,2000,6
2004,jun,32.3,2000,6
2005,jun,19.4,2000,6
2006,jun,28.9,2000,6
2007,jun,58.7,2000,6
2008,jun,21.1,2000,6
2009,jun,54.1,2000,6
2010,jun,16.8,2010,6
2011,jun,30.2,2010,6
2012,jun,62.0,2010,6
2013,jun,54.7,2010,6
2014,jun,32.5,2010,6
2015,jun,33.2,2010,6
2016,jun,37.7,2010,6
2017,jun,94.0,2010,6
2018,jun,8.4,2010,6
2019,jun,54.9,2010,6
2020,jun,29.3,2020,6
1950,jul,128.3,1950,7
1951,jul,65.3,1950,7
1952,jul,64.7,1950,7
1953,jul,97.2,1950,7
1954,jul,95.7,1950,7
1955,jul,17.4,1950,7
1956,jul,70.7,1950,7
1957,jul,57.3,1950,7
1958,jul,142.8,1950,7
1959,jul,66.8,1950,7
1960,jul,123.5,1960,7
1961,jul,127.6,1960,7
1962,jul,22.1,1960,7
1963,jul,22.2,1960,7
1964,jul,56.8,1960,7
1965,jul,68.4,1960,7
1966,jul,59.3,1960,7
1967,jul,49.0,1960,7
1968,jul,96.4,1960,7
1969,jul,83.6,1960,7
1970,jul,55.2,1970,7
1971,jul,41.2,1970,7
1972,jul,63.7,1970,7
1973,jul,35.2,1970,7
1974,jul,73.1,1970,7
1975,jul,30.8,1970,7
1976,jul,8.3,1970,7
1977,jul,50.2,1970,7
1978,jul,66.6,1970,7
1979,jul,42.9,1970,7
1980,jul,66.9,1980,7
1981,jul,70.6,1980,7
1982,jul,42.9,1980,7
1983,jul,34.3,1980,7
1984,jul,14.4,1980,7
1985,jul,71.6,1980,7
1986,jul,31.2,1980,7
1987,jul,75.9,1980,7
1988,jul,150.7,1980,7
1989,jul,24.3,1980,7
1990,jul,30.2,1990,7
1991,jul,42.4,1990,7
1992,jul,32.4,1990,7
1993,jul,83.0,1990,7
1994,jul,17.6,1990,7
1995,jul,20.4,1990,7
1996,jul,16.3,1990,7
1997,jul,21.9,1990,7
1998,jul,97.1,1990,7
1999,jul,52.4,1990,7
2000,jul,40.2,2000,7
2001,jul,64.2,2000,7
2002,jul,71.7,2000,7
2003,jul,55.5,2000,7
2004,jul,21.2,2000,7
2005,jul,89.6,2000,7
2006,jul,21.7,2000,7
2007,jul,79.6,2000,7
2008,jul,37.3,2000,7
2009,jul,55.2,2000,7
2010,jul,77.6,2010,7
2011,jul,85.7,2010,7
2012,jul,51.7,2010,7
2013,jul,3.0,2010,7
2014,jul,66.6,2010,7
2015,jul,130.7,2010,7
2016,jul,79.3,2010,7
2017,jul,56.6,2010,7
2018,jul,20.9,2010,7
2019,jul,73.3,2010,7
2020,jul,92.5,2020,7
1950,jul,135.1,1950,7
1951,jul,36.3,1950,7
1952,jul,78.8,1950,7
1953,jul,90.6,1950,7
1954,jul,84.3,1950,7
1955,jul,15.0,1950,7
1956,jul,40.4,1950,7
1957,jul,76.0,1950,7
1958,jul,103.9,1950,7
1959,jul,63.6,1950,7
1960,jul,119.8,1960,7
1961,jul,105.6,1960,7
1962,jul,34.3,1960,7
1963,jul,55.1,1960,7
1964,jul,71.8,1960,7
1965,jul,109.1,1960,7
1966,jul,51.2,1960,7
1967,jul,61.4,1960,7
1968,jul,84.9,1960,7
1969,jul,41.0,1960,7
1970,jul,81.7,1970,7
1971,jul,45.4,1970,7
1972,jul,32.1,1970,7
1973,jul,60.5,1970,7
1974,jul,99.9,1970,7
1975,jul,23.8,1970,7
1976,jul,12.0,1970,7
1977,jul,47.9,1970,7
1978,jul,38.2,1970,7
1979,jul,43.1,1970,7
1980,jul,112.6,1980,7
1981,jul,55.0,1980,7
1982,jul,29.6,1980,7
1983,jul,20.2,1980,7
1984,jul,31.4,1980,7
1985,jul,78.3,1980,7
1986,jul,44.7,1980,7
1987,jul,62.8,1980,7
1988,jul,177.2,1980,7
1989,jul,53.3,1980,7
1990,jul,43.5,1990,7
1991,jul,43.2,1990,7
1992,jul,58.5,1990,7
1993,jul,105.5,1990,7
1994,jul,12.9,1990,7
1995,jul,17.0,1990,7
1996,jul,34.9,1990,7
1997,jul,56.8,1990,7
1998,jul,113.4,1990,7
1999,jul,56.1,1990,7
2000,jul,31.4,2000,7
2001,jul,47.4,2000,7
2002,jul,100.1,2000,7
2003,jul,42.6,2000,7
2004,jul,66.6,2000,7
2005,jul,123.1,2000,7
2006,jul,38.0,2000,7
2007,jul,127.7,2000,7
2008,jul,49.1,2000,7
2009,jul,70.6,2000,7
2010,jul,98.0,2010,7
2011,jul,98.8,2010,7
2012,jul,100.0,2010,7
2013,jul,11.5,2010,7
2014,jul,47.3,2010,7
2015,jul,107.3,2010,7
2016,jul,68.5,2010,7
2017,jul,66.7,2010,7
2018,jul,23.7,2010,7
2019,jul,44.0,2010,7
2020,jul,78.6,2020,7
1950,jul,81.7,1950,7
1951,jul,63.9,1950,7
1952,jul,51.4,1950,7
1953,jul,60.7,1950,7
1954,jul,71.0,1950,7
1955,jul,29.8,1950,7
1956,jul,48.3,1950,7
1957,jul,39.0,1950,7
1958,jul,121.0,1950,7
1959,jul,39.7,1950,7
1960,jul,74.7,1960,7
1961,jul,100.5,1960,7
1962,jul,47.7,1960,7
1963,jul,82.6,1960,7
1964,jul,69.2,1960,7
1965,jul,81.2,1960,7
1966,jul,44.1,1960,7
1967,jul,31.0,1960,7
1968,jul,86.1,1960,7
1969,jul,41.3,1960,7
1970,jul,51.6,1970,7
1971,jul,48.4,1970,7
1972,jul,41.7,1970,7
1973,jul,50.3,1970,7
1974,jul,89.1,1970,7
1975,jul,29.7,1970,7
1976,jul,17.0,1970,7
1977,jul,33.0,1970,7
1978,jul,16.7,1970,7
1979,jul,25.7,1970,7
1980,jul,93.5,1980,7
1981,jul,99.7,1980,7
1982,jul,21.2,1980,7
1983,jul,4.5,1980,7
1984,jul,39.5,1980,7
1985,jul,82.3,1980,7
1986,jul,71.4,1980,7
1987,jul,56.1,1980,7
1988,jul,99.2,1980,7
1989,jul,68.1,1980,7
1990,jul,29.8,1990,7
1991,jul,43.2,1990,7
1992,jul,36.0,1990,7
1993,jul,66.8,1990,7
1994,jul,4.2,1990,7
1995,jul,11.7,1990,7
1996,jul,21.9,1990,7
1997,jul,14.7,1990,7
1998,jul,66.8,1990,7
1999,jul,44.1,1990,7
2000,jul,31.7,2000,7
2001,jul,24.8,2000,7
2002,jul,124.4,2000,7
2003,jul,80.9,2000,7
2004,jul,71.5,2000,7
2005,jul,87.5,2000,7
2006,jul,43.5,2000,7
2007,jul,91.8,2000,7
2008,jul,22.5,2000,7
2009,jul,86.3,2000,7
2010,jul,98.1,2010,7
2011,jul,105.5,2010,7
2012,jul,71.0,2010,7
2013,jul,8.5,2010,7
2014,jul,42.9,2010,7
2015,jul,65.4,2010,7
2016,jul,90.6,2010,7
2017,jul,56.1,2010,7
2018,jul,7.8,2010,7
2019,jul,28.4,2010,7
2020,jul,46.8,2020,7
1950,jul,89.6,1950,7
1951,jul,49.0,1950,7
1952,jul,55.4,1950,7
1953,jul,64.2,1950,7
1954,jul,139.4,1950,7
1955,jul,33.3,1950,7
1956,jul,31.5,1950,7
1957,jul,77.5,1950,7
1958,jul,122.2,1950,7
1959,jul,48.8,1950,7
1960,jul,150.2,1960,7
1961,jul,126.0,1960,7
1962,jul,100.1,1960,7
1963,jul,93.8,1960,7
1964,jul,46.1,1960,7
1965,jul,119.9,1960,7
1966,jul,77.0,1960,7
1967,jul,70.6,1960,7
1968,jul,92.0,1960,7
1969,jul,45.3,1960,7
1970,jul,64.2,1970,7
1971,jul,61.8,1970,7
1972,jul,49.4,1970,7
1973,jul,80.4,1970,7
1974,jul,102.4,1970,7
1975,jul,38.7,1970,7
1976,jul,40.7,1970,7
1977,jul,63.5,1970,7
1978,jul,56.2,1970,7
1979,jul,44.5,1970,7
1980,jul,80.4,1980,7
1981,jul,89.3,1980,7
1982,jul,16.8,1980,7
1983,jul,5.6,1980,7
1984,jul,37.3,1980,7
1985,jul,106.5,1980,7
1986,jul,106.8,1980,7
1987,jul,95.4,1980,7
1988,jul,87.2,1980,7
1989,jul,55.8,1980,7
1990,jul,38.3,1990,7
1991,jul,38.3,1990,7
1992,jul,68.6,1990,7
1993,jul,111.0,1990,7
1994,jul,1.6,1990,7
1995,jul,34.2,1990,7
1996,jul,48.8,1990,7
1997,jul,36.6,1990,7
1998,jul,87.3,1990,7
1999,jul,14.5,1990,7
2000,jul,26.3,2000,7
2001,jul,20.1,2000,7
2002,jul,111.4,2000,7
2003,jul,81.6,2000,7
2004,jul,116.7,2000,7
2005,jul,86.4,2000,7
2006,jul,14.2,2000,7
2007,jul,173.0,2000,7
2008,jul,36.4,2000,7
2009,jul,59.2,2000,7
2010,jul,22.9,2010,7
2011,jul,292.5,2010,7
2012,jul,46.2,2010,7
2013,jul,9.9,2010,7
2014,jul,34.2,2010,7
2015,jul,54.5,2010,7
2016,jul,99.1,2010,7
2017,jul,107.6,2010,7
2018,jul,11.2,2010,7
2019,jul,61.9,2010,7
2020,jul,65.4,2020,7
1950,jul,52.7,1950,7
1951,jul,30.0,1950,7
1952,jul,47.6,1950,7
1953,jul,37.0,1950,7
1954,jul,120.5,1950,7
1955,jul,61.0,1950,7
1956,jul,54.2,1950,7
1957,jul,53.9,1950,7
1958,jul,99.7,1950,7
1959,jul,109.2,1950,7
1960,jul,96.7,1960,7
1961,jul,83.3,1960,7
1962,jul,26.9,1960,7
1963,jul,24.4,1960,7
1964,jul,54.3,1960,7
1965,jul,40.0,1960,7
1966,jul,37.9,1960,7
1967,jul,48.8,1960,7
1968,jul,52.3,1960,7
1969,jul,42.6,1960,7
1970,jul,82.4,1970,7
1971,jul,11.3,1970,7
1972,jul,59.0,1970,7
1973,jul,60.6,1970,7
1974,jul,40.4,1970,7
1975,jul,30.1,1970,7
1976,jul,45.7,1970,7
1977,jul,75.6,1970,7
1978,jul,52.1,1970,7
1979,jul,29.1,1970,7
1980,jul,58.3,1980,7
1981,jul,44.4,1980,7
1982,jul,15.4,1980,7
1983,jul,5.1,1980,7
1984,jul,74.0,1980,7
1985,jul,55.5,1980,7
1986,jul,93.3,1980,7
1987,jul,36.1,1980,7
1988,jul,131.8,1980,7
1989,jul,44.3,1980,7
1990,jul,38.3,1990,7
1991,jul,26.5,1990,7
1992,jul,44.1,1990,7
1993,jul,66.5,1990,7
1994,jul,0.0,1990,7
1995,jul,38.5,1990,7
1996,jul,92.4,1990,7
1997,jul,37.9,1990,7
1998,jul,87.2,1990,7
1999,jul,13.4,1990,7
2000,jul,37.1,2000,7
2001,jul,22.2,2000,7
2002,jul,76.8,2000,7
2003,jul,31.4,2000,7
2004,jul,69.8,2000,7
2005,jul,51.7,2000,7
2006,jul,7.2,2000,7
2007,jul,160.8,2000,7
2008,jul,41.5,2000,7
2009,jul,27.8,2000,7
2010,jul,21.4,2010,7
2011,jul,177.4,2010,7
2012,jul,62.4,2010,7
2013,jul,34.8,2010,7
2014,jul,76.1,2010,7
2015,jul,57.7,2010,7
2016,jul,68.7,2010,7
2017,jul,53.8,2010,7
2018,jul,39.9,2010,7
2019,jul,34.8,2010,7
2020,jul,49.3,2020,7
1950,aug,146.7,1950,8
1951,aug,127.7,1950,8
1952,aug,82.1,1950,8
1953,aug,105.8,1950,8
1954,aug,88.5,1950,8
1955,aug,33.0,1950,8
1956,aug,144.1,1950,8
1957,aug,98.5,1950,8
1958,aug,143.2,1950,8
1959,aug,71.8,1950,8
1960,aug,110.0,1960,8
1961,aug,82.2,1960,8
1962,aug,174.8,1960,8
1963,aug,144.8,1960,8
1964,aug,42.7,1960,8
1965,aug,61.3,1960,8
1966,aug,108.1,1960,8
1967,aug,40.6,1960,8
1968,aug,74.7,1960,8
1969,aug,44.7,1960,8
1970,aug,27.4,1970,8
1971,aug,115.5,1970,8
1972,aug,58.5,1970,8
1973,aug,51.6,1970,8
1974,aug,12.8,1970,8
1975,aug,61.3,1970,8
1976,aug,1.2,1970,8
1977,aug,27.8,1970,8
1978,aug,89.5,1970,8
1979,aug,101.4,1970,8
1980,aug,121.2,1980,8
1981,aug,37.9,1980,8
1982,aug,120.5,1980,8
1983,aug,11.2,1980,8
1984,aug,20.7,1980,8
1985,aug,125.5,1980,8
1986,aug,129.4,1980,8
1987,aug,120.2,1980,8
1988,aug,97.6,1980,8
1989,aug,49.6,1980,8
1990,aug,111.5,1990,8
1991,aug,38.7,1990,8
1992,aug,159.1,1990,8
1993,aug,91.9,1990,8
1994,aug,83.6,1990,8
1995,aug,36.1,1990,8
1996,aug,55.8,1990,8
1997,aug,49.5,1990,8
1998,aug,63.2,1990,8
1999,aug,88.7,1990,8
2000,aug,38.7,2000,8
2001,aug,83.6,2000,8
2002,aug,61.3,2000,8
2003,aug,26.5,2000,8
2004,aug,163.4,2000,8
2005,aug,50.7,2000,8
2006,aug,158.1,2000,8
2007,aug,62.6,2000,8
2008,aug,106.9,2000,8
2009,aug,79.9,2000,8
2010,aug,83.7,2010,8
2011,aug,127.2,2010,8
2012,aug,79.3,2010,8
2013,aug,70.5,2010,8
2014,aug,149.1,2010,8
2015,aug,81.1,2010,8
2016,aug,72.5,2010,8
2017,aug,107.1,2010,8
2018,aug,182.7,2010,8
2019,aug,100.7,2010,8
2020,aug,47.1,2020,8
1950,aug,129.6,1950,8
1951,aug,147.4,1950,8
1952,aug,94.6,1950,8
1953,aug,162.2,1950,8
1954,aug,133.5,1950,8
1955,aug,50.7,1950,8
1956,aug,99.4,1950,8
1957,aug,128.3,1950,8
1958,aug,108.0,1950,8
1959,aug,53.6,1950,8
1960,aug,83.4,1960,8
1961,aug,83.4,1960,8
1962,aug,98.8,1960,8
1963,aug,144.9,1960,8
1964,aug,60.8,1960,8
1965,aug,74.2,1960,8
1966,aug,115.0,1960,8
1967,aug,57.2,1960,8
1968,aug,92.7,1960,8
1969,aug,51.4,1960,8
1970,aug,58.3,1970,8
1971,aug,80.1,1970,8
1972,aug,32.0,1970,8
1973,aug,64.7,1970,8
1974,aug,37.3,1970,8
1975,aug,34.0,1970,8
1976,aug,25.8,1970,8
1977,aug,55.3,1970,8
1978,aug,58.5,1970,8
1979,aug,43.6,1970,8
1980,aug,100.0,1980,8
1981,aug,76.4,1980,8
1982,aug,170.0,1980,8
1983,aug,3.4,1980,8
1984,aug,13.5,1980,8
1985,aug,129.6,1980,8
1986,aug,109.2,1980,8
1987,aug,51.7,1980,8
1988,aug,95.4,1980,8
1989,aug,41.3,1980,8
1990,aug,80.8,1990,8
1991,aug,70.5,1990,8
1992,aug,152.4,1990,8
1993,aug,83.5,1990,8
1994,aug,107.6,1990,8
1995,aug,16.7,1990,8
1996,aug,58.6,1990,8
1997,aug,46.5,1990,8
1998,aug,40.4,1990,8
1999,aug,79.8,1990,8
2000,aug,28.1,2000,8
2001,aug,87.3,2000,8
2002,aug,64.3,2000,8
2003,aug,64.2,2000,8
2004,aug,111.4,2000,8
2005,aug,55.2,2000,8
2006,aug,112.0,2000,8
2007,aug,80.8,2000,8
2008,aug,129.0,2000,8
2009,aug,68.8,2000,8
2010,aug,108.3,2010,8
2011,aug,140.2,2010,8
2012,aug,81.8,2010,8
2013,aug,40.5,2010,8
2014,aug,146.3,2010,8
2015,aug,100.8,2010,8
2016,aug,67.7,2010,8
2017,aug,115.2,2010,8
2018,aug,154.7,2010,8
2019,aug,44.1,2010,8
2020,aug,52.3,2020,8
1950,aug,126.5,1950,8
1951,aug,107.2,1950,8
1952,aug,51.5,1950,8
1953,aug,92.8,1950,8
1954,aug,52.5,1950,8
1955,aug,33.4,1950,8
1956,aug,65.3,1950,8
1957,aug,42.7,1950,8
1958,aug,120.4,1950,8
1959,aug,43.1,1950,8
1960,aug,80.9,1960,8
1961,aug,64.5,1960,8
1962,aug,93.6,1960,8
1963,aug,131.1,1960,8
1964,aug,63.9,1960,8
1965,aug,76.7,1960,8
1966,aug,90.7,1960,8
1967,aug,99.2,1960,8
1968,aug,48.5,1960,8
1969,aug,22.5,1960,8
1970,aug,25.7,1970,8
1971,aug,64.0,1970,8
1972,aug,53.3,1970,8
1973,aug,35.4,1970,8
1974,aug,56.5,1970,8
1975,aug,22.8,1970,8
1976,aug,12.0,1970,8
1977,aug,29.1,1970,8
1978,aug,17.2,1970,8
1979,aug,58.3,1970,8
1980,aug,109.1,1980,8
1981,aug,106.1,1980,8
1982,aug,78.8,1980,8
1983,aug,7.0,1980,8
1984,aug,50.1,1980,8
1985,aug,60.7,1980,8
1986,aug,27.8,1980,8
1987,aug,41.0,1980,8
1988,aug,17.1,1980,8
1989,aug,72.2,1980,8
1990,aug,56.6,1990,8
1991,aug,25.1,1990,8
1992,aug,97.7,1990,8
1993,aug,44.2,1990,8
1994,aug,101.8,1990,8
1995,aug,11.9,1990,8
1996,aug,42.3,1990,8
1997,aug,80.3,1990,8
1998,aug,26.0,1990,8
1999,aug,99.5,1990,8
2000,aug,28.8,2000,8
2001,aug,63.3,2000,8
2002,aug,45.6,2000,8
2003,aug,31.1,2000,8
2004,aug,73.8,2000,8
2005,aug,22.8,2000,8
2006,aug,106.1,2000,8
2007,aug,40.4,2000,8
2008,aug,115.7,2000,8
2009,aug,33.6,2000,8
2010,aug,99.3,2010,8
2011,aug,121.8,2010,8
2012,aug,51.7,2010,8
2013,aug,18.6,2010,8
2014,aug,60.3,2010,8
2015,aug,80.9,2010,8
2016,aug,28.1,2010,8
2017,aug,67.0,2010,8
2018,aug,105.8,2010,8
2019,aug,43.9,2010,8
2020,aug,65.7,2020,8
1950,aug,96.4,1950,8
1951,aug,65.0,1950,8
1952,aug,51.9,1950,8
1953,aug,58.2,1950,8
1954,aug,104.5,1950,8
1955,aug,22.1,1950,8
1956,aug,106.2,1950,8
1957,aug,73.6,1950,8
1958,aug,123.1,1950,8
1959,aug,83.6,1950,8
1960,aug,121.3,1960,8
1961,aug,107.6,1960,8
1962,aug,107.0,1960,8
1963,aug,153.5,1960,8
1964,aug,58.4,1960,8
1965,aug,33.6,1960,8
1966,aug,97.0,1960,8
1967,aug,66.1,1960,8
1968,aug,43.2,1960,8
1969,aug,67.2,1960,8
1970,aug,45.9,1970,8
1971,aug,59.7,1970,8
1972,aug,93.6,1970,8
1973,aug,24.7,1970,8
1974,aug,67.9,1970,8
1975,aug,20.6,1970,8
1976,aug,16.1,1970,8
1977,aug,36.1,1970,8
1978,aug,46.1,1970,8
1979,aug,69.0,1970,8
1980,aug,88.5,1980,8
1981,aug,76.7,1980,8
1982,aug,75.0,1980,8
1983,aug,8.8,1980,8
1984,aug,40.6,1980,8
1985,aug,71.6,1980,8
1986,aug,42.1,1980,8
1987,aug,50.4,1980,8
1988,aug,37.0,1980,8
1989,aug,116.8,1980,8
1990,aug,49.8,1990,8
1991,aug,63.1,1990,8
1992,aug,91.3,1990,8
1993,aug,65.7,1990,8
1994,aug,55.4,1990,8
1995,aug,23.4,1990,8
1996,aug,37.4,1990,8
1997,aug,14.6,1990,8
1998,aug,43.4,1990,8
1999,aug,125.1,1990,8
2000,aug,28.4,2000,8
2001,aug,134.1,2000,8
2002,aug,59.4,2000,8
2003,aug,47.7,2000,8
2004,aug,48.0,2000,8
2005,aug,29.0,2000,8
2006,aug,182.0,2000,8
2007,aug,50.9,2000,8
2008,aug,142.8,2000,8
2009,aug,32.8,2000,8
2010,aug,182.6,2010,8
2011,aug,117.8,2010,8
2012,aug,33.1,2010,8
2013,aug,45.9,2010,8
2014,aug,205.5,2010,8
2015,aug,52.9,2010,8
2016,aug,50.7,2010,8
2017,aug,105.0,2010,8
2018,aug,110.3,2010,8
2019,aug,60.0,2010,8
2020,aug,34.3,2020,8
1950,aug,38.9,1950,8
1951,aug,46.3,1950,8
1952,aug,35.6,1950,8
1953,aug,36.5,1950,8
1954,aug,36.4,1950,8
1955,aug,37.8,1950,8
1956,aug,62.0,1950,8
1957,aug,59.3,1950,8
1958,aug,63.5,1950,8
1959,aug,104.9,1950,8
1960,aug,105.3,1960,8
1961,aug,58.8,1960,8
1962,aug,121.8,1960,8
1963,aug,78.5,1960,8
1964,aug,20.6,1960,8
1965,aug,30.0,1960,8
1966,aug,43.5,1960,8
1967,aug,63.5,1960,8
1968,aug,117.2,1960,8
1969,aug,106.2,1960,8
1970,aug,34.4,1970,8
1971,aug,27.7,1970,8
1972,aug,73.0,1970,8
1973,aug,12.6,1970,8
1974,aug,38.2,1970,8
1975,aug,23.6,1970,8
1976,aug,11.4,1970,8
1977,aug,32.7,1970,8
1978,aug,28.8,1970,8
1979,aug,91.4,1970,8
1980,aug,53.9,1980,8
1981,aug,42.0,1980,8
1982,aug,71.3,1980,8
1983,aug,34.8,1980,8
1984,aug,5.3,1980,8
1985,aug,75.3,1980,8
1986,aug,25.6,1980,8
1987,aug,38.7,1980,8
1988,aug,14.0,1980,8
1989,aug,87.1,1980,8
1990,aug,29.3,1990,8
1991,aug,33.3,1990,8
1992,aug,94.6,1990,8
1993,aug,48.6,1990,8
1994,aug,60.0,1990,8
1995,aug,30.9,1990,8
1996,aug,35.0,1990,8
1997,aug,22.0,1990,8
1998,aug,42.0,1990,8
1999,aug,57.8,1990,8
2000,aug,35.6,2000,8
2001,aug,107.2,2000,8
2002,aug,55.7,2000,8
2003,aug,42.4,2000,8
2004,aug,120.7,2000,8
2005,aug,68.0,2000,8
2006,aug,284.2,2000,8
2007,aug,27.4,2000,8
2008,aug,123.4,2000,8
2009,aug,9.9,2000,8
2010,aug,56.5,2010,8
2011,aug,114.2,2010,8
2012,aug,69.0,2010,8
2013,aug,19.6,2010,8
2014,aug,116.7,2010,8
2015,aug,24.4,2010,8
2016,aug,33.8,2010,8
2017,aug,50.9,2010,8
2018,aug,62.2,2010,8
2019,aug,67.1,2010,8
2020,aug,23.3,2020,8
1950,sep,171.2,1950,9
1951,sep,57.7,1950,9
1952,sep,82.3,1950,9
1953,sep,75.7,1950,9
1954,sep,154.7,1950,9
1955,sep,115.5,1950,9
1956,sep,55.0,1950,9
1957,sep,86.3,1950,9
1958,sep,60.4,1950,9
1959,sep,34.2,1950,9
1960,sep,19.4,1960,9
1961,sep,95.8,1960,9
1962,sep,79.2,1960,9
1963,sep,84.2,1960,9
1964,sep,72.5,1960,9
1965,sep,108.8,1960,9
1966,sep,59.2,1960,9
1967,sep,77.8,1960,9
1968,sep,163.4,1960,9
1969,sep,21.8,1960,9
1970,sep,119.5,1970,9
1971,sep,41.6,1970,9
1972,sep,28.6,1970,9
1973,sep,77.2,1970,9
1974,sep,198.9,1970,9
1975,sep,98.4,1970,9
1976,sep,36.5,1970,9
1977,sep,69.3,1970,9
1978,sep,112.8,1970,9
1979,sep,64.1,1970,9
1980,sep,63.5,1980,9
1981,sep,79.5,1980,9
1982,sep,72.5,1980,9
1983,sep,149.1,1980,9
1984,sep,162.9,1980,9
1985,sep,83.6,1980,9
1986,sep,22.5,1980,9
1987,sep,93.6,1980,9
1988,sep,85.6,1980,9
1989,sep,46.6,1980,9
1990,sep,199.3,1990,9
1991,sep,59.4,1990,9
1992,sep,73.6,1990,9
1993,sep,65.4,1990,9
1994,sep,160.6,1990,9
1995,sep,90.3,1990,9
1996,sep,62.1,1990,9
1997,sep,73.7,1990,9
1998,sep,44.8,1990,9
1999,sep,120.1,1990,9
2000,sep,78.5,2000,9
2001,sep,158.5,2000,9
2002,sep,47.1,2000,9
2003,sep,58.7,2000,9
2004,sep,85.2,2000,9
2005,sep,33.0,2000,9
2006,sep,47.0,2000,9
2007,sep,85.3,2000,9
2008,sep,110.2,2000,9
2009,sep,42.4,2000,9
2010,sep,67.9,2010,9
2011,sep,151.6,2010,9
2012,sep,118.7,2010,9
2013,sep,132.6,2010,9
2014,sep,62.0,2010,9
2015,sep,120.3,2010,9
2016,sep,30.1,2010,9
2017,sep,97.8,2010,9
2018,sep,117.2,2010,9
2019,sep,119.6,2010,9
2020,sep,43.4,2020,9
1950,sep,195.2,1950,9
1951,sep,66.3,1950,9
1952,sep,107.9,1950,9
1953,sep,81.8,1950,9
1954,sep,141.0,1950,9
1955,sep,82.2,1950,9
1956,sep,53.5,1950,9
1957,sep,87.6,1950,9
1958,sep,108.5,1950,9
1959,sep,12.7,1950,9
1960,sep,86.1,1960,9
1961,sep,80.5,1960,9
1962,sep,67.8,1960,9
1963,sep,66.3,1960,9
1964,sep,91.9,1960,9
1965,sep,117.8,1960,9
1966,sep,33.0,1960,9
1967,sep,62.5,1960,9
1968,sep,132.3,1960,9
1969,sep,13.4,1960,9
1970,sep,129.1,1970,9
1971,sep,15.5,1970,9
1972,sep,40.3,1970,9
1973,sep,113.8,1970,9
1974,sep,190.3,1970,9
1975,sep,77.9,1970,9
1976,sep,56.4,1970,9
1977,sep,64.4,1970,9
1978,sep,88.2,1970,9
1979,sep,53.1,1970,9
1980,sep,43.6,1980,9
1981,sep,44.1,1980,9
1982,sep,60.7,1980,9
1983,sep,154.1,1980,9
1984,sep,122.3,1980,9
1985,sep,81.9,1980,9
1986,sep,63.2,1980,9
1987,sep,130.4,1980,9
1988,sep,131.2,1980,9
1989,sep,47.6,1980,9
1990,sep,201.2,1990,9
1991,sep,59.1,1990,9
1992,sep,67.4,1990,9
1993,sep,77.2,1990,9
1994,sep,168.2,1990,9
1995,sep,80.5,1990,9
1996,sep,55.0,1990,9
1997,sep,53.9,1990,9
1998,sep,87.2,1990,9
1999,sep,158.3,1990,9
2000,sep,84.6,2000,9
2001,sep,142.6,2000,9
2002,sep,27.6,2000,9
2003,sep,47.5,2000,9
2004,sep,96.3,2000,9
2005,sep,49.1,2000,9
2006,sep,25.2,2000,9
2007,sep,91.3,2000,9
2008,sep,114.2,2000,9
2009,sep,53.7,2000,9
2010,sep,71.9,2010,9
2011,sep,111.2,2010,9
2012,sep,107.1,2010,9
2013,sep,127.7,2010,9
2014,sep,60.2,2010,9
2015,sep,134.7,2010,9
2016,sep,47.3,2010,9
2017,sep,171.9,2010,9
2018,sep,96.4,2010,9
2019,sep,158.3,2010,9
2020,sep,27.6,2020,9
1950,sep,112.7,1950,9
1951,sep,55.5,1950,9
1952,sep,51.5,1950,9
1953,sep,59.9,1950,9
1954,sep,85.1,1950,9
1955,sep,71.2,1950,9
1956,sep,41.9,1950,9
1957,sep,59.7,1950,9
1958,sep,45.3,1950,9
1959,sep,12.0,1950,9
1960,sep,16.4,1960,9
1961,sep,64.1,1960,9
1962,sep,56.0,1960,9
1963,sep,23.0,1960,9
1964,sep,47.9,1960,9
1965,sep,38.8,1960,9
1966,sep,36.7,1960,9
1967,sep,90.2,1960,9
1968,sep,85.7,1960,9
1969,sep,14.9,1960,9
1970,sep,91.3,1970,9
1971,sep,45.3,1970,9
1972,sep,26.2,1970,9
1973,sep,61.5,1970,9
1974,sep,55.5,1970,9
1975,sep,34.1,1970,9
1976,sep,22.0,1970,9
1977,sep,30.6,1970,9
1978,sep,73.5,1970,9
1979,sep,30.2,1970,9
1980,sep,31.8,1980,9
1981,sep,46.0,1980,9
1982,sep,23.8,1980,9
1983,sep,93.2,1980,9
1984,sep,97.2,1980,9
1985,sep,51.9,1980,9
1986,sep,21.7,1980,9
1987,sep,92.5,1980,9
1988,sep,63.4,1980,9
1989,sep,25.3,1980,9
1990,sep,113.9,1990,9
1991,sep,52.9,1990,9
1992,sep,20.4,1990,9
1993,sep,95.3,1990,9
1994,sep,139.3,1990,9
1995,sep,63.8,1990,9
1996,sep,34.0,1990,9
1997,sep,9.3,1990,9
1998,sep,78.9,1990,9
1999,sep,42.5,1990,9
2000,sep,66.6,2000,9
2001,sep,93.0,2000,9
2002,sep,40.1,2000,9
2003,sep,34.3,2000,9
2004,sep,38.1,2000,9
2005,sep,22.5,2000,9
2006,sep,10.8,2000,9
2007,sep,64.0,2000,9
2008,sep,34.3,2000,9
2009,sep,24.3,2000,9
2010,sep,44.1,2010,9
2011,sep,60.2,2010,9
2012,sep,53.6,2010,9
2013,sep,76.3,2010,9
2014,sep,59.0,2010,9
2015,sep,62.5,2010,9
2016,sep,24.0,2010,9
2017,sep,95.9,2010,9
2018,sep,56.5,2010,9
2019,sep,105.5,2010,9
2020,sep,23.1,2020,9
1950,sep,52.2,1950,9
1951,sep,70.6,1950,9
1952,sep,71.0,1950,9
1953,sep,26.8,1950,9
1954,sep,70.9,1950,9
1955,sep,138.1,1950,9
1956,sep,49.3,1950,9
1957,sep,78.9,1950,9
1958,sep,59.3,1950,9
1959,sep,6.7,1950,9
1960,sep,66.7,1960,9
1961,sep,56.3,1960,9
1962,sep,42.9,1960,9
1963,sep,42.3,1960,9
1964,sep,49.9,1960,9
1965,sep,72.1,1960,9
1966,sep,45.3,1960,9
1967,sep,119.1,1960,9
1968,sep,77.9,1960,9
1969,sep,29.3,1960,9
1970,sep,57.8,1970,9
1971,sep,49.2,1970,9
1972,sep,29.7,1970,9
1973,sep,93.8,1970,9
1974,sep,68.1,1970,9
1975,sep,90.0,1970,9
1976,sep,35.4,1970,9
1977,sep,30.7,1970,9
1978,sep,146.4,1970,9
1979,sep,24.8,1970,9
1980,sep,56.2,1980,9
1981,sep,52.5,1980,9
1982,sep,24.2,1980,9
1983,sep,67.4,1980,9
1984,sep,84.3,1980,9
1985,sep,55.4,1980,9
1986,sep,32.4,1980,9
1987,sep,72.7,1980,9
1988,sep,58.7,1980,9
1989,sep,21.2,1980,9
1990,sep,123.4,1990,9
1991,sep,68.1,1990,9
1992,sep,35.6,1990,9
1993,sep,187.5,1990,9
1994,sep,176.1,1990,9
1995,sep,104.7,1990,9
1996,sep,43.6,1990,9
1997,sep,30.1,1990,9
1998,sep,72.9,1990,9
1999,sep,40.7,1990,9
2000,sep,74.8,2000,9
2001,sep,130.4,2000,9
2002,sep,13.2,2000,9
2003,sep,29.9,2000,9
2004,sep,31.2,2000,9
2005,sep,16.0,2000,9
2006,sep,25.4,2000,9
2007,sep,58.5,2000,9
2008,sep,27.0,2000,9
2009,sep,25.8,2000,9
2010,sep,45.2,2010,9
2011,sep,57.1,2010,9
2012,sep,59.4,2010,9
2013,sep,69.6,2010,9
2014,sep,56.8,2010,9
2015,sep,72.5,2010,9
2016,sep,27.3,2010,9
2017,sep,122.2,2010,9
2018,sep,24.5,2010,9
2019,sep,101.2,2010,9
2020,sep,49.5,2020,9
1950,sep,51.8,1950,9
1951,sep,34.2,1950,9
1952,sep,76.9,1950,9
1953,sep,52.3,1950,9
1954,sep,45.9,1950,9
1955,sep,74.9,1950,9
1956,sep,40.8,1950,9
1957,sep,36.4,1950,9
1958,sep,21.1,1950,9
1959,sep,40.7,1950,9
1960,sep,57.4,1960,9
1961,sep,48.3,1960,9
1962,sep,38.0,1960,9
1963,sep,51.5,1960,9
1964,sep,60.2,1960,9
1965,sep,42.3,1960,9
1966,sep,67.5,1960,9
1967,sep,85.8,1960,9
1968,sep,52.1,1960,9
1969,sep,38.0,1960,9
1970,sep,53.0,1970,9
1971,sep,55.5,1970,9
1972,sep,34.0,1970,9
1973,sep,79.4,1970,9
1974,sep,78.9,1970,9
1975,sep,61.1,1970,9
1976,sep,60.3,1970,9
1977,sep,45.2,1970,9
1978,sep,83.6,1970,9
1979,sep,18.6,1970,9
1980,sep,24.9,1980,9
1981,sep,65.0,1980,9
1982,sep,6.0,1980,9
1983,sep,84.5,1980,9
1984,sep,93.4,1980,9
1985,sep,38.8,1980,9
1986,sep,31.6,1980,9
1987,sep,60.0,1980,9
1988,sep,83.2,1980,9
1989,sep,18.1,1980,9
1990,sep,121.2,1990,9
1991,sep,13.7,1990,9
1992,sep,50.3,1990,9
1993,sep,105.1,1990,9
1994,sep,141.9,1990,9
1995,sep,78.9,1990,9
1996,sep,49.7,1990,9
1997,sep,46.4,1990,9
1998,sep,70.3,1990,9
1999,sep,42.7,1990,9
2000,sep,71.1,2000,9
2001,sep,112.9,2000,9
2002,sep,42.2,2000,9
2003,sep,60.2,2000,9
2004,sep,63.8,2000,9
2005,sep,22.3,2000,9
2006,sep,37.6,2000,9
2007,sep,49.5,2000,9
2008,sep,58.2,2000,9
2009,sep,32.7,2000,9
2010,sep,41.1,2010,9
2011,sep,56.1,2010,9
2012,sep,32.3,2010,9
2013,sep,45.6,2010,9
2014,sep,46.1,2010,9
2015,sep,38.7,2010,9
2016,sep,28.8,2010,9
2017,sep,74.6,2010,9
2018,sep,16.2,2010,9
2019,sep,50.8,2010,9
2020,sep,22.3,2020,9
1950,oct,86.6,1950,10
1951,oct,36.8,1950,10
1952,oct,181.6,1950,10
1953,oct,38.9,1950,10
1954,oct,153.8,1950,10
1955,oct,73.6,1950,10
1956,oct,69.4,1950,10
1957,oct,74.7,1950,10
1958,oct,71.3,1950,10
1959,oct,81.1,1950,10
1960,oct,73.7,1960,10
1961,oct,160.5,1960,10
1962,oct,55.7,1960,10
1963,oct,103.9,1960,10
1964,oct,65.7,1960,10
1965,oct,49.5,1960,10
1966,oct,115.3,1960,10
1967,oct,238.6,1960,10
1968,oct,85.1,1960,10
1969,oct,24.3,1960,10
1970,oct,109.6,1970,10
1971,oct,75.8,1970,10
1972,oct,28.2,1970,10
1973,oct,37.1,1970,10
1974,oct,123.4,1970,10
1975,oct,56.7,1970,10
1976,oct,169.6,1970,10
1977,oct,70.6,1970,10
1978,oct,37.8,1970,10
1979,oct,121.1,1970,10
1980,oct,198.7,1980,10
1981,oct,135.0,1980,10
1982,oct,124.2,1980,10
1983,oct,135.6,1980,10
1984,oct,150.1,1980,10
1985,oct,27.2,1980,10
1986,oct,111.6,1980,10
1987,oct,149.7,1980,10
1988,oct,63.4,1980,10
1989,oct,100.1,1980,10
1990,oct,100.3,1990,10
1991,oct,62.2,1990,10
1992,oct,120.8,1990,10
1993,oct,81.4,1990,10
1994,oct,68.6,1990,10
1995,oct,58.9,1990,10
1996,oct,88.2,1990,10
1997,oct,54.6,1990,10
1998,oct,199.5,1990,10
1999,oct,91.8,1990,10
2000,oct,130.4,2000,10
2001,oct,102.8,2000,10
2002,oct,102.1,2000,10
2003,oct,48.5,2000,10
2004,oct,123.1,2000,10
2005,oct,66.2,2000,10
2006,oct,197.4,2000,10
2007,oct,32.9,2000,10
2008,oct,153.7,2000,10
2009,oct,87.5,2000,10
2010,oct,109.4,2010,10
2011,oct,66.8,2010,10
2012,oct,143.7,2010,10
2013,oct,149.0,2010,10
2014,oct,157.1,2010,10
2015,oct,29.6,2010,10
2016,oct,40.5,2010,10
2017,oct,103.6,2010,10
2018,oct,60.8,2010,10
2019,oct,160.8,2010,10
2020,oct,144.3,2020,10
1950,oct,68.6,1950,10
1951,oct,13.8,1950,10
1952,oct,111.3,1950,10
1953,oct,32.7,1950,10
1954,oct,103.6,1950,10
1955,oct,80.1,1950,10
1956,oct,48.3,1950,10
1957,oct,93.8,1950,10
1958,oct,99.3,1950,10
1959,oct,83.3,1950,10
1960,oct,83.2,1960,10
1961,oct,125.0,1960,10
1962,oct,57.7,1960,10
1963,oct,119.7,1960,10
1964,oct,57.3,1960,10
1965,oct,29.1,1960,10
1966,oct,106.2,1960,10
1967,oct,239.8,1960,10
1968,oct,127.3,1960,10
1969,oct,25.7,1960,10
1970,oct,128.7,1970,10
1971,oct,63.2,1970,10
1972,oct,21.7,1970,10
1973,oct,38.6,1970,10
1974,oct,60.2,1970,10
1975,oct,53.1,1970,10
1976,oct,116.2,1970,10
1977,oct,45.2,1970,10
1978,oct,49.8,1970,10
1979,oct,87.0,1970,10
1980,oct,183.3,1980,10
1981,oct,174.7,1980,10
1982,oct,104.2,1980,10
1983,oct,127.3,1980,10
1984,oct,120.1,1980,10
1985,oct,53.9,1980,10
1986,oct,170.1,1980,10
1987,oct,148.5,1980,10
1988,oct,89.6,1980,10
1989,oct,120.7,1980,10
1990,oct,99.3,1990,10
1991,oct,47.8,1990,10
1992,oct,128.6,1990,10
1993,oct,98.0,1990,10
1994,oct,79.4,1990,10
1995,oct,40.1,1990,10
1996,oct,86.2,1990,10
1997,oct,92.6,1990,10
1998,oct,201.5,1990,10
1999,oct,133.4,1990,10
2000,oct,117.4,2000,10
2001,oct,88.9,2000,10
2002,oct,125.2,2000,10
2003,oct,82.5,2000,10
2004,oct,82.8,2000,10
2005,oct,72.6,2000,10
2006,oct,140.1,2000,10
2007,oct,47.8,2000,10
2008,oct,163.1,2000,10
2009,oct,98.7,2000,10
2010,oct,111.8,2010,10
2011,oct,60.7,2010,10
2012,oct,146.6,2010,10
2013,oct,101.7,2010,10
2014,oct,122.7,2010,10
2015,oct,37.7,2010,10
2016,oct,23.2,2010,10
2017,oct,124.3,2010,10
2018,oct,37.9,2010,10
2019,oct,175.6,2010,10
2020,oct,130.8,2020,10
1950,oct,36.5,1950,10
1951,oct,18.8,1950,10
1952,oct,122.2,1950,10
1953,oct,30.9,1950,10
1954,oct,107.2,1950,10
1955,oct,48.1,1950,10
1956,oct,37.9,1950,10
1957,oct,77.6,1950,10
1958,oct,55.2,1950,10
1959,oct,49.8,1950,10
1960,oct,105.3,1960,10
1961,oct,70.7,1960,10
1962,oct,35.3,1960,10
1963,oct,43.9,1960,10
1964,oct,51.2,1960,10
1965,oct,18.3,1960,10
1966,oct,70.8,1960,10
1967,oct,94.9,1960,10
1968,oct,71.2,1960,10
1969,oct,14.2,1960,10
1970,oct,78.6,1970,10
1971,oct,45.6,1970,10
1972,oct,14.9,1970,10
1973,oct,12.0,1970,10
1974,oct,51.5,1970,10
1975,oct,28.4,1970,10
1976,oct,46.4,1970,10
1977,oct,23.2,1970,10
1978,oct,18.7,1970,10
1979,oct,21.6,1970,10
1980,oct,108.1,1980,10
1981,oct,78.7,1980,10
1982,oct,44.4,1980,10
1983,oct,59.8,1980,10
1984,oct,94.0,1980,10
1985,oct,26.9,1980,10
1986,oct,52.9,1980,10
1987,oct,51.1,1980,10
1988,oct,48.6,1980,10
1989,oct,68.8,1980,10
1990,oct,64.2,1990,10
1991,oct,28.3,1990,10
1992,oct,55.8,1990,10
1993,oct,64.6,1990,10
1994,oct,46.4,1990,10
1995,oct,51.0,1990,10
1996,oct,50.8,1990,10
1997,oct,51.6,1990,10
1998,oct,84.0,1990,10
1999,oct,48.4,1990,10
2000,oct,52.6,2000,10
2001,oct,28.4,2000,10
2002,oct,76.6,2000,10
2003,oct,21.7,2000,10
2004,oct,99.0,2000,10
2005,oct,52.2,2000,10
2006,oct,70.4,2000,10
2007,oct,27.4,2000,10
2008,oct,46.6,2000,10
2009,oct,59.3,2000,10
2010,oct,53.7,2010,10
2011,oct,32.2,2010,10
2012,oct,68.2,2010,10
2013,oct,58.4,2010,10
2014,oct,92.6,2010,10
2015,oct,20.6,2010,10
2016,oct,85.6,2010,10
2017,oct,70.6,2010,10
2018,oct,32.3,2010,10
2019,oct,101.1,2010,10
2020,oct,50.9,2020,10
1950,oct,39.4,1950,10
1951,oct,1.5,1950,10
1952,oct,82.6,1950,10
1953,oct,33.3,1950,10
1954,oct,108.3,1950,10
1955,oct,77.1,1950,10
1956,oct,87.5,1950,10
1957,oct,75.2,1950,10
1958,oct,45.3,1950,10
1959,oct,48.2,1950,10
1960,oct,74.4,1960,10
1961,oct,68.2,1960,10
1962,oct,27.9,1960,10
1963,oct,64.5,1960,10
1964,oct,54.0,1960,10
1965,oct,19.0,1960,10
1966,oct,42.0,1960,10
1967,oct,91.0,1960,10
1968,oct,77.0,1960,10
1969,oct,29.9,1960,10
1970,oct,89.8,1970,10
1971,oct,60.9,1970,10
1972,oct,10.3,1970,10
1973,oct,26.4,1970,10
1974,oct,100.7,1970,10
1975,oct,37.9,1970,10
1976,oct,86.0,1970,10
1977,oct,47.9,1970,10
1978,oct,42.6,1970,10
1979,oct,18.2,1970,10
1980,oct,102.6,1980,10
1981,oct,97.6,1980,10
1982,oct,91.8,1980,10
1983,oct,47.5,1980,10
1984,oct,75.0,1980,10
1985,oct,18.2,1980,10
1986,oct,80.4,1980,10
1987,oct,28.0,1980,10
1988,oct,61.2,1980,10
1989,oct,75.9,1980,10
1990,oct,57.4,1990,10
1991,oct,26.5,1990,10
1992,oct,63.7,1990,10
1993,oct,51.2,1990,10
1994,oct,54.6,1990,10
1995,oct,42.2,1990,10
1996,oct,37.0,1990,10
1997,oct,110.0,1990,10
1998,oct,128.1,1990,10
1999,oct,36.8,1990,10
2000,oct,62.7,2000,10
2001,oct,32.8,2000,10
2002,oct,137.3,2000,10
2003,oct,39.5,2000,10
2004,oct,81.0,2000,10
2005,oct,59.2,2000,10
2006,oct,81.1,2000,10
2007,oct,44.7,2000,10
2008,oct,63.9,2000,10
2009,oct,68.7,2000,10
2010,oct,45.8,2010,10
2011,oct,36.0,2010,10
2012,oct,68.3,2010,10
2013,oct,91.7,2010,10
2014,oct,147.9,2010,10
2015,oct,19.5,2010,10
2016,oct,84.1,2010,10
2017,oct,91.8,2010,10
2018,oct,46.9,2010,10
2019,oct,109.8,2010,10
2020,oct,68.2,2020,10
1950,oct,53.3,1950,10
1951,oct,8.0,1950,10
1952,oct,114.2,1950,10
1953,oct,13.4,1950,10
1954,oct,65.8,1950,10
1955,oct,83.5,1950,10
1956,oct,58.4,1950,10
1957,oct,58.6,1950,10
1958,oct,55.7,1950,10
1959,oct,86.3,1950,10
1960,oct,81.2,1960,10
1961,oct,36.4,1960,10
1962,oct,14.6,1960,10
1963,oct,62.0,1960,10
1964,oct,46.1,1960,10
1965,oct,20.2,1960,10
1966,oct,43.4,1960,10
1967,oct,54.9,1960,10
1968,oct,50.1,1960,10
1969,oct,39.0,1960,10
1970,oct,85.1,1970,10
1971,oct,23.9,1970,10
1972,oct,6.6,1970,10
1973,oct,56.5,1970,10
1974,oct,179.0,1970,10
1975,oct,34.2,1970,10
1976,oct,38.3,1970,10
1977,oct,33.7,1970,10
1978,oct,23.0,1970,10
1979,oct,5.3,1970,10
1980,oct,91.4,1980,10
1981,oct,135.6,1980,10
1982,oct,93.1,1980,10
1983,oct,36.4,1980,10
1984,oct,78.1,1980,10
1985,oct,16.3,1980,10
1986,oct,45.6,1980,10
1987,oct,22.6,1980,10
1988,oct,61.0,1980,10
1989,oct,82.1,1980,10
1990,oct,24.2,1990,10
1991,oct,36.3,1990,10
1992,oct,84.7,1990,10
1993,oct,88.8,1990,10
1994,oct,41.3,1990,10
1995,oct,23.8,1990,10
1996,oct,30.3,1990,10
1997,oct,64.3,1990,10
1998,oct,111.7,1990,10
1999,oct,57.1,1990,10
2000,oct,33.1,2000,10
2001,oct,31.6,2000,10
2002,oct,138.3,2000,10
2003,oct,61.8,2000,10
2004,oct,91.8,2000,10
2005,oct,27.7,2000,10
2006,oct,50.9,2000,10
2007,oct,13.6,2000,10
2008,oct,143.8,2000,10
2009,oct,43.1,2000,10
2010,oct,44.1,2010,10
2011,oct,43.1,2010,10
2012,oct,59.3,2010,10
2013,oct,78.3,2010,10
2014,oct,71.4,2010,10
2015,oct,31.8,2010,10
2016,oct,72.0,2010,10
2017,oct,92.0,2010,10
2018,oct,52.9,2010,10
2019,oct,63.1,2010,10
2020,oct,56.6,2020,10
1950,nov,100.1,1950,11
1951,nov,134.5,1950,11
1952,nov,73.8,1950,11
1953,nov,87.8,1950,11
1954,nov,98.3,1950,11
1955,nov,52.3,1950,11
1956,nov,60.5,1950,11
1957,nov,54.0,1950,11
1958,nov,52.4,1950,11
1959,nov,87.9,1950,11
1960,nov,147.1,1960,11
1961,nov,64.4,1960,11
1962,nov,56.0,1960,11
1963,nov,183.9,1960,11
1964,nov,71.1,1960,11
1965,nov,60.4,1960,11
1966,nov,103.2,1960,11
1967,nov,105.7,1960,11
1968,nov,81.2,1960,11
1969,nov,196.3,1960,11
1970,nov,138.2,1970,11
1971,nov,120.7,1970,11
1972,nov,97.2,1970,11
1973,nov,94.3,1970,11
1974,nov,123.0,1970,11
1975,nov,83.7,1970,11
1976,nov,110.0,1970,11
1977,nov,126.1,1970,11
1978,nov,63.1,1970,11
1979,nov,202.7,1970,11
1980,nov,111.6,1980,11
1981,nov,118.8,1980,11
1982,nov,133.7,1980,11
1983,nov,41.6,1980,11
1984,nov,86.5,1980,11
1985,nov,56.0,1980,11
1986,nov,99.4,1980,11
1987,nov,82.1,1980,11
1988,nov,33.2,1980,11
1989,nov,57.3,1980,11
1990,nov,39.2,1990,11
1991,nov,131.9,1990,11
1992,nov,124.9,1990,11
1993,nov,52.9,1990,11
1994,nov,57.5,1990,11
1995,nov,64.1,1990,11
1996,nov,112.5,1990,11
1997,nov,61.1,1990,11
1998,nov,50.5,1990,11
1999,nov,89.0,1990,11
2000,nov,169.2,2000,11
2001,nov,59.8,2000,11
2002,nov,65.5,2000,11
2003,nov,84.7,2000,11
2004,nov,59.0,2000,11
2005,nov,123.9,2000,11
2006,nov,119.3,2000,11
2007,nov,50.0,2000,11
2008,nov,80.4,2000,11
2009,nov,135.5,2000,11
2010,nov,86.0,2010,11
2011,nov,14.9,2010,11
2012,nov,97.9,2010,11
2013,nov,96.9,2010,11
2014,nov,106.5,2010,11
2015,nov,170.4,2010,11
2016,nov,79.6,2010,11
2017,nov,87.7,2010,11
2018,nov,56.5,2010,11
2019,nov,124.6,2010,11
2020,nov,71.7,2020,11
1950,nov,81.8,1950,11
1951,nov,131.5,1950,11
1952,nov,51.8,1950,11
1953,nov,58.8,1950,11
1954,nov,66.5,1950,11
1955,nov,41.4,1950,11
1956,nov,41.8,1950,11
1957,nov,51.0,1950,11
1958,nov,45.7,1950,11
1959,nov,76.1,1950,11
1960,nov,106.4,1960,11
1961,nov,72.5,1960,11
1962,nov,44.0,1960,11
1963,nov,134.6,1960,11
1964,nov,54.7,1960,11
1965,nov,88.9,1960,11
1966,nov,93.5,1960,11
1967,nov,82.6,1960,11
1968,nov,89.8,1960,11
1969,nov,174.5,1960,11
1970,nov,148.1,1970,11
1971,nov,109.8,1970,11
1972,nov,107.2,1970,11
1973,nov,99.9,1970,11
1974,nov,139.0,1970,11
1975,nov,102.8,1970,11
1976,nov,96.1,1970,11
1977,nov,133.4,1970,11
1978,nov,72.2,1970,11
1979,nov,133.9,1970,11
1980,nov,100.9,1980,11
1981,nov,96.0,1980,11
1982,nov,113.0,1980,11
1983,nov,53.8,1980,11
1984,nov,88.8,1980,11
1985,nov,76.3,1980,11
1986,nov,104.4,1980,11
1987,nov,133.9,1980,11
1988,nov,48.0,1980,11
1989,nov,53.3,1980,11
1990,nov,77.7,1990,11
1991,nov,125.1,1990,11
1992,nov,142.8,1990,11
1993,nov,62.7,1990,11
1994,nov,53.5,1990,11
1995,nov,51.3,1990,11
1996,nov,126.7,1990,11
1997,nov,31.6,1990,11
1998,nov,58.7,1990,11
1999,nov,35.2,1990,11
2000,nov,157.8,2000,11
2001,nov,87.0,2000,11
2002,nov,85.0,2000,11
2003,nov,60.8,2000,11
2004,nov,75.6,2000,11
2005,nov,108.6,2000,11
2006,nov,104.9,2000,11
2007,nov,59.6,2000,11
2008,nov,82.6,2000,11
2009,nov,157.1,2000,11
2010,nov,84.7,2010,11
2011,nov,16.1,2010,11
2012,nov,90.3,2010,11
2013,nov,107.6,2010,11
2014,nov,49.2,2010,11
2015,nov,145.7,2010,11
2016,nov,106.4,2010,11
2017,nov,103.4,2010,11
2018,nov,29.7,2010,11
2019,nov,135.7,2010,11
2020,nov,40.9,2020,11
1950,nov,74.4,1950,11
1951,nov,85.8,1950,11
1952,nov,56.6,1950,11
1953,nov,48.1,1950,11
1954,nov,57.0,1950,11
1955,nov,13.0,1950,11
1956,nov,34.9,1950,11
1957,nov,70.4,1950,11
1958,nov,17.5,1950,11
1959,nov,51.8,1950,11
1960,nov,91.1,1960,11
1961,nov,44.5,1960,11
1962,nov,16.4,1960,11
1963,nov,92.3,1960,11
1964,nov,26.5,1960,11
1965,nov,61.4,1960,11
1966,nov,96.1,1960,11
1967,nov,38.8,1960,11
1968,nov,90.6,1960,11
1969,nov,113.2,1960,11
1970,nov,72.0,1970,11
1971,nov,71.7,1970,11
1972,nov,49.9,1970,11
1973,nov,51.3,1970,11
1974,nov,48.7,1970,11
1975,nov,35.9,1970,11
1976,nov,45.0,1970,11
1977,nov,56.1,1970,11
1978,nov,22.3,1970,11
1979,nov,76.0,1970,11
1980,nov,58.0,1980,11
1981,nov,66.8,1980,11
1982,nov,43.6,1980,11
1983,nov,25.0,1980,11
1984,nov,48.3,1980,11
1985,nov,53.4,1980,11
1986,nov,29.2,1980,11
1987,nov,52.7,1980,11
1988,nov,17.3,1980,11
1989,nov,13.9,1980,11
1990,nov,23.6,1990,11
1991,nov,45.5,1990,11
1992,nov,74.4,1990,11
1993,nov,27.4,1990,11
1994,nov,45.7,1990,11
1995,nov,42.1,1990,11
1996,nov,65.4,1990,11
1997,nov,30.5,1990,11
1998,nov,48.7,1990,11
1999,nov,28.3,1990,11
2000,nov,69.1,2000,11
2001,nov,44.2,2000,11
2002,nov,80.5,2000,11
2003,nov,36.6,2000,11
2004,nov,36.9,2000,11
2005,nov,29.0,2000,11
2006,nov,42.5,2000,11
2007,nov,20.4,2000,11
2008,nov,44.7,2000,11
2009,nov,99.1,2000,11
2010,nov,91.0,2010,11
2011,nov,9.3,2010,11
2012,nov,44.0,2010,11
2013,nov,34.9,2010,11
2014,nov,30.7,2010,11
2015,nov,112.6,2010,11
2016,nov,51.4,2010,11
2017,nov,59.3,2010,11
2018,nov,30.9,2010,11
2019,nov,72.8,2010,11
2020,nov,16.7,2020,11
1950,nov,92.9,1950,11
1951,nov,93.4,1950,11
1952,nov,66.1,1950,11
1953,nov,53.2,1950,11
1954,nov,48.2,1950,11
1955,nov,14.5,1950,11
1956,nov,34.4,1950,11
1957,nov,44.8,1950,11
1958,nov,34.8,1950,11
1959,nov,29.4,1950,11
1960,nov,80.7,1960,11
1961,nov,48.8,1960,11
1962,nov,33.1,1960,11
1963,nov,110.0,1960,11
1964,nov,33.1,1960,11
1965,nov,51.6,1960,11
1966,nov,69.4,1960,11
1967,nov,37.4,1960,11
1968,nov,85.7,1960,11
1969,nov,113.5,1960,11
1970,nov,104.1,1970,11
1971,nov,75.0,1970,11
1972,nov,73.7,1970,11
1973,nov,69.9,1970,11
1974,nov,69.5,1970,11
1975,nov,44.7,1970,11
1976,nov,45.4,1970,11
1977,nov,61.1,1970,11
1978,nov,28.8,1970,11
1979,nov,98.5,1970,11
1980,nov,79.6,1980,11
1981,nov,80.2,1980,11
1982,nov,44.9,1980,11
1983,nov,66.2,1980,11
1984,nov,43.5,1980,11
1985,nov,55.7,1980,11
1986,nov,29.4,1980,11
1987,nov,80.4,1980,11
1988,nov,37.8,1980,11
1989,nov,25.3,1980,11
1990,nov,62.5,1990,11
1991,nov,71.7,1990,11
1992,nov,116.6,1990,11
1993,nov,46.9,1990,11
1994,nov,65.2,1990,11
1995,nov,31.2,1990,11
1996,nov,72.2,1990,11
1997,nov,42.1,1990,11
1998,nov,35.2,1990,11
1999,nov,16.3,1990,11
2000,nov,59.5,2000,11
2001,nov,47.5,2000,11
2002,nov,78.0,2000,11
2003,nov,41.8,2000,11
2004,nov,62.2,2000,11
2005,nov,34.2,2000,11
2006,nov,76.9,2000,11
2007,nov,40.3,2000,11
2008,nov,51.4,2000,11
2009,nov,86.1,2000,11
2010,nov,90.0,2010,11
2011,nov,10.2,2010,11
2012,nov,63.9,2010,11
2013,nov,60.5,2010,11
2014,nov,46.7,2010,11
2015,nov,147.2,2010,11
2016,nov,47.7,2010,11
2017,nov,71.9,2010,11
2018,nov,30.4,2010,11
2019,nov,57.6,2010,11
2020,nov,23.6,2020,11
1950,nov,71.4,1950,11
1951,nov,72.8,1950,11
1952,nov,81.6,1950,11
1953,nov,23.8,1950,11
1954,nov,47.4,1950,11
1955,nov,21.6,1950,11
1956,nov,32.3,1950,11
1957,nov,34.9,1950,11
1958,nov,26.8,1950,11
1959,nov,64.4,1950,11
1960,nov,72.0,1960,11
1961,nov,46.7,1960,11
1962,nov,86.9,1960,11
1963,nov,76.0,1960,11
1964,nov,65.3,1960,11
1965,nov,78.4,1960,11
1966,nov,54.6,1960,11
1967,nov,50.1,1960,11
1968,nov,83.5,1960,11
1969,nov,98.7,1960,11
1970,nov,95.8,1970,11
1971,nov,68.6,1970,11
1972,nov,91.3,1970,11
1973,nov,64.3,1970,11
1974,nov,72.1,1970,11
1975,nov,18.7,1970,11
1976,nov,26.9,1970,11
1977,nov,98.4,1970,11
1978,nov,52.3,1970,11
1979,nov,92.7,1970,11
1980,nov,93.2,1980,11
1981,nov,75.2,1980,11
1982,nov,49.1,1980,11
1983,nov,63.1,1980,11
1984,nov,25.2,1980,11
1985,nov,56.8,1980,11
1986,nov,56.3,1980,11
1987,nov,71.4,1980,11
1988,nov,34.3,1980,11
1989,nov,23.0,1980,11
1990,nov,97.3,1990,11
1991,nov,56.7,1990,11
1992,nov,89.0,1990,11
1993,nov,30.3,1990,11
1994,nov,34.2,1990,11
1995,nov,28.5,1990,11
1996,nov,68.9,1990,11
1997,nov,25.3,1990,11
1998,nov,91.6,1990,11
1999,nov,62.0,1990,11
2000,nov,65.9,2000,11
2001,nov,42.9,2000,11
2002,nov,56.1,2000,11
2003,nov,53.0,2000,11
2004,nov,47.5,2000,11
2005,nov,33.3,2000,11
2006,nov,84.3,2000,11
2007,nov,31.7,2000,11
2008,nov,36.9,2000,11
2009,nov,80.1,2000,11
2010,nov,166.2,2010,11
2011,nov,14.8,2010,11
2012,nov,57.3,2010,11
2013,nov,93.8,2010,11
2014,nov,29.4,2010,11
2015,nov,123.6,2010,11
2016,nov,62.5,2010,11
2017,nov,75.8,2010,11
2018,nov,21.3,2010,11
2019,nov,63.9,2010,11
2020,nov,25.8,2020,11
1950,dec,80.1,1950,12
1951,dec,88.8,1950,12
1952,dec,60.9,1950,12
1953,dec,60.4,1950,12
1954,dec,107.1,1950,12
1955,dec,99.8,1950,12
1956,dec,61.5,1950,12
1957,dec,57.5,1950,12
1958,dec,69.2,1950,12
1959,dec,92.2,1950,12
1960,dec,86.3,1960,12
1961,dec,73.8,1960,12
1962,dec,47.4,1960,12
1963,dec,15.2,1960,12
1964,dec,108.2,1960,12
1965,dec,125.0,1960,12
1966,dec,116.3,1960,12
1967,dec,100.0,1960,12
1968,dec,25.2,1960,12
1969,dec,49.8,1960,12
1970,dec,30.1,1970,12
1971,dec,30.7,1970,12
1972,dec,117.3,1970,12
1973,dec,81.8,1970,12
1974,dec,118.8,1970,12
1975,dec,48.0,1970,12
1976,dec,98.3,1970,12
1977,dec,75.1,1970,12
1978,dec,36.3,1970,12
1979,dec,146.0,1970,12
1980,dec,134.3,1980,12
1981,dec,71.7,1980,12
1982,dec,159.9,1980,12
1983,dec,68.9,1980,12
1984,dec,55.7,1980,12
1985,dec,205.0,1980,12
1986,dec,73.2,1980,12
1987,dec,54.8,1980,12
1988,dec,65.6,1980,12
1989,dec,48.1,1980,12
1990,dec,76.7,1990,12
1991,dec,43.1,1990,12
1992,dec,53.9,1990,12
1993,dec,124.0,1990,12
1994,dec,91.0,1990,12
1995,dec,32.0,1990,12
1996,dec,78.0,1990,12
1997,dec,76.7,1990,12
1998,dec,84.5,1990,12
1999,dec,159.4,1990,12
2000,dec,87.4,2000,12
2001,dec,78.3,2000,12
2002,dec,43.4,2000,12
2003,dec,80.1,2000,12
2004,dec,54.8,2000,12
2005,dec,48.1,2000,12
2006,dec,145.1,2000,12
2007,dec,111.9,2000,12
2008,dec,27.7,2000,12
2009,dec,87.9,2000,12
2010,dec,38.9,2010,12
2011,dec,105.1,2010,12
2012,dec,97.3,2010,12
2013,dec,95.9,2010,12
2014,dec,115.8,2010,12
2015,dec,105.1,2010,12
2016,dec,29.0,2010,12
2017,dec,95.4,2010,12
2018,dec,67.6,2010,12
2019,dec,103.7,2010,12
2020,dec,87.1,2020,12
1950,dec,100.2,1950,12
1951,dec,75.9,1950,12
1952,dec,41.9,1950,12
1953,dec,40.9,1950,12
1954,dec,96.8,1950,12
1955,dec,93.8,1950,12
1956,dec,54.9,1950,12
1957,dec,42.1,1950,12
1958,dec,88.9,1950,12
1959,dec,74.0,1950,12
1960,dec,73.1,1960,12
1961,dec,105.1,1960,12
1962,dec,42.1,1960,12
1963,dec,9.9,1960,12
1964,dec,96.8,1960,12
1965,dec,138.0,1960,12
1966,dec,145.5,1960,12
1967,dec,80.5,1960,12
1968,dec,28.7,1960,12
1969,dec,32.8,1960,12
1970,dec,39.9,1970,12
1971,dec,30.9,1970,12
1972,dec,51.2,1970,12
1973,dec,75.7,1970,12
1974,dec,136.4,1970,12
1975,dec,56.7,1970,12
1976,dec,69.4,1970,12
1977,dec,58.8,1970,12
1978,dec,45.8,1970,12
1979,dec,149.4,1970,12
1980,dec,86.0,1980,12
1981,dec,55.5,1980,12
1982,dec,137.1,1980,12
1983,dec,70.5,1980,12
1984,dec,62.0,1980,12
1985,dec,148.2,1980,12
1986,dec,129.3,1980,12
1987,dec,54.4,1980,12
1988,dec,86.9,1980,12
1989,dec,63.4,1980,12
1990,dec,79.8,1990,12
1991,dec,54.7,1990,12
1992,dec,63.9,1990,12
1993,dec,131.8,1990,12
1994,dec,117.6,1990,12
1995,dec,57.1,1990,12
1996,dec,39.6,1990,12
1997,dec,73.4,1990,12
1998,dec,62.7,1990,12
1999,dec,159.5,1990,12
2000,dec,67.6,2000,12
2001,dec,75.8,2000,12
2002,dec,42.3,2000,12
2003,dec,67.4,2000,12
2004,dec,56.3,2000,12
2005,dec,69.3,2000,12
2006,dec,144.5,2000,12
2007,dec,81.5,2000,12
2008,dec,19.5,2000,12
2009,dec,94.5,2000,12
2010,dec,42.1,2010,12
2011,dec,107.0,2010,12
2012,dec,95.2,2010,12
2013,dec,94.7,2010,12
2014,dec,141.7,2010,12
2015,dec,119.5,2010,12
2016,dec,37.3,2010,12
2017,dec,70.5,2010,12
2018,dec,77.9,2010,12
2019,dec,70.1,2010,12
2020,dec,81.8,2020,12
1950,dec,57.1,1950,12
1951,dec,42.3,1950,12
1952,dec,28.0,1950,12
1953,dec,31.1,1950,12
1954,dec,69.0,1950,12
1955,dec,87.6,1950,12
1956,dec,78.4,1950,12
1957,dec,43.9,1950,12
1958,dec,42.2,1950,12
1959,dec,69.3,1950,12
1960,dec,90.6,1960,12
1961,dec,77.7,1960,12
1962,dec,24.4,1960,12
1963,dec,10.4,1960,12
1964,dec,57.8,1960,12
1965,dec,105.0,1960,12
1966,dec,84.5,1960,12
1967,dec,57.3,1960,12
1968,dec,43.8,1960,12
1969,dec,12.2,1960,12
1970,dec,35.5,1970,12
1971,dec,24.3,1970,12
1972,dec,20.8,1970,12
1973,dec,37.9,1970,12
1974,dec,77.3,1970,12
1975,dec,17.6,1970,12
1976,dec,27.6,1970,12
1977,dec,35.5,1970,12
1978,dec,36.6,1970,12
1979,dec,79.2,1970,12
1980,dec,43.6,1980,12
1981,dec,28.6,1980,12
1982,dec,50.0,1980,12
1983,dec,46.0,1980,12
1984,dec,19.9,1980,12
1985,dec,112.5,1980,12
1986,dec,66.6,1980,12
1987,dec,38.3,1980,12
1988,dec,35.8,1980,12
1989,dec,46.2,1980,12
1990,dec,41.1,1990,12
1991,dec,45.4,1990,12
1992,dec,24.6,1990,12
1993,dec,82.6,1990,12
1994,dec,49.7,1990,12
1995,dec,9.0,1990,12
1996,dec,20.1,1990,12
1997,dec,37.5,1990,12
1998,dec,35.9,1990,12
1999,dec,86.0,1990,12
2000,dec,51.8,2000,12
2001,dec,43.7,2000,12
2002,dec,26.7,2000,12
2003,dec,44.2,2000,12
2004,dec,62.8,2000,12
2005,dec,38.3,2000,12
2006,dec,56.4,2000,12
2007,dec,34.1,2000,12
2008,dec,21.8,2000,12
2009,dec,54.8,2000,12
2010,dec,25.6,2010,12
2011,dec,52.1,2010,12
2012,dec,47.7,2010,12
2013,dec,52.7,2010,12
2014,dec,71.4,2010,12
2015,dec,99.8,2010,12
2016,dec,22.6,2010,12
2017,dec,44.1,2010,12
2018,dec,54.9,2010,12
2019,dec,35.2,2010,12
2020,dec,48.9,2020,12
1950,dec,52.8,1950,12
1951,dec,37.6,1950,12
1952,dec,47.9,1950,12
1953,dec,39.7,1950,12
1954,dec,107.6,1950,12
1955,dec,112.7,1950,12
1956,dec,49.9,1950,12
1957,dec,41.0,1950,12
1958,dec,57.5,1950,12
1959,dec,67.5,1950,12
1960,dec,114.7,1960,12
1961,dec,56.5,1960,12
1962,dec,25.8,1960,12
1963,dec,9.9,1960,12
1964,dec,68.0,1960,12
1965,dec,95.8,1960,12
1966,dec,80.8,1960,12
1967,dec,78.7,1960,12
1968,dec,29.6,1960,12
1969,dec,20.0,1960,12
1970,dec,39.8,1970,12
1971,dec,39.4,1970,12
1972,dec,14.5,1970,12
1973,dec,51.1,1970,12
1974,dec,90.3,1970,12
1975,dec,30.9,1970,12
1976,dec,47.8,1970,12
1977,dec,52.4,1970,12
1978,dec,65.1,1970,12
1979,dec,128.4,1970,12
1980,dec,86.5,1980,12
1981,dec,61.2,1980,12
1982,dec,60.0,1980,12
1983,dec,63.1,1980,12
1984,dec,31.5,1980,12
1985,dec,142.8,1980,12
1986,dec,72.7,1980,12
1987,dec,48.0,1980,12
1988,dec,59.7,1980,12
1989,dec,52.1,1980,12
1990,dec,37.6,1990,12
1991,dec,49.7,1990,12
1992,dec,46.1,1990,12
1993,dec,80.2,1990,12
1994,dec,90.5,1990,12
1995,dec,26.1,1990,12
1996,dec,25.2,1990,12
1997,dec,45.6,1990,12
1998,dec,47.6,1990,12
1999,dec,94.0,1990,12
2000,dec,49.3,2000,12
2001,dec,57.5,2000,12
2002,dec,33.6,2000,12
2003,dec,59.7,2000,12
2004,dec,67.2,2000,12
2005,dec,52.9,2000,12
2006,dec,74.1,2000,12
2007,dec,40.7,2000,12
2008,dec,65.5,2000,12
2009,dec,45.0,2000,12
2010,dec,43.8,2010,12
2011,dec,56.1,2010,12
2012,dec,80.3,2010,12
2013,dec,60.5,2010,12
2014,dec,96.0,2010,12
2015,dec,95.5,2010,12
2016,dec,39.0,2010,12
2017,dec,52.6,2010,12
2018,dec,71.7,2010,12
2019,dec,48.0,2010,12
2020,dec,58.9,2020,12
1950,dec,64.0,1950,12
1951,dec,58.0,1950,12
1952,dec,70.1,1950,12
1953,dec,31.7,1950,12
1954,dec,77.9,1950,12
1955,dec,74.2,1950,12
1956,dec,45.8,1950,12
1957,dec,40.4,1950,12
1958,dec,53.5,1950,12
1959,dec,84.9,1950,12
1960,dec,78.3,1960,12
1961,dec,56.1,1960,12
1962,dec,40.6,1960,12
1963,dec,43.4,1960,12
1964,dec,96.6,1960,12
1965,dec,93.1,1960,12
1966,dec,76.5,1960,12
1967,dec,59.2,1960,12
1968,dec,43.9,1960,12
1969,dec,42.3,1960,12
1970,dec,39.1,1970,12
1971,dec,29.8,1970,12
1972,dec,28.1,1970,12
1973,dec,53.2,1970,12
1974,dec,89.0,1970,12
1975,dec,22.0,1970,12
1976,dec,59.9,1970,12
1977,dec,41.8,1970,12
1978,dec,49.3,1970,12
1979,dec,66.0,1970,12
1980,dec,60.1,1980,12
1981,dec,46.0,1980,12
1982,dec,73.6,1980,12
1983,dec,58.6,1980,12
1984,dec,49.1,1980,12
1985,dec,110.7,1980,12
1986,dec,68.3,1980,12
1987,dec,36.3,1980,12
1988,dec,44.1,1980,12
1989,dec,48.0,1980,12
1990,dec,35.2,1990,12
1991,dec,49.8,1990,12
1992,dec,37.2,1990,12
1993,dec,98.3,1990,12
1994,dec,80.8,1990,12
1995,dec,46.2,1990,12
1996,dec,28.8,1990,12
1997,dec,33.9,1990,12
1998,dec,56.1,1990,12
1999,dec,134.5,1990,12
2000,dec,42.0,2000,12
2001,dec,47.2,2000,12
2002,dec,28.5,2000,12
2003,dec,40.0,2000,12
2004,dec,39.3,2000,12
2005,dec,49.5,2000,12
2006,dec,51.9,2000,12
2007,dec,60.2,2000,12
2008,dec,42.9,2000,12
2009,dec,59.5,2000,12
2010,dec,65.4,2010,12
2011,dec,103.2,2010,12
2012,dec,71.6,2010,12
2013,dec,44.6,2010,12
2014,dec,89.7,2010,12
2015,dec,57.1,2010,12
2016,dec,32.5,2010,12
2017,dec,50.3,2010,12
2018,dec,74.0,2010,12
2019,dec,41.6,2010,12
2020,dec,33.0,2020,12
